SETTLEMENTDATE,timestamp_utc,asset_label,Station Name,DUID,Region,Participant,Fuel Source - Primary,SCADAVALUE,MAX_CAP,utilisation_pct,REGION_RRP,Latitude,Longitude,Plant
2026-09-28 01:15:00,2026-09-27T15:16:55.965252,Ararat Wind Farm (ARWF1),Ararat Wind Farm,ARWF1,VIC1,Ararat Wind Farm Pty Ltd,Wind,51.4,241.0,21.33,23.58745,-37.232778,143.031389,Ararat Wind Farm
2026-09-28 05:05:00,2026-09-27T19:04:49.605467,Ararat Wind Farm (ARWF1),Ararat Wind Farm,ARWF1,VIC1,Ararat Wind Farm Pty Ltd,Wind,1.6,241.0,0.66,55.80427,-37.232778,143.031389,Ararat Wind Farm
2026-09-28 08:10:00,2026-09-27T22:10:16.469845,Ararat Wind Farm (ARWF1),Ararat Wind Farm,ARWF1,VIC1,Ararat Wind Farm Pty Ltd,Wind,1.9,241.0,0.79,10.5,-37.232778,143.031389,Ararat Wind Farm
2026-09-28 10:45:00,2026-09-28T00:48:09.068651,Ararat Wind Farm (ARWF1),Ararat Wind Farm,ARWF1,VIC1,Ararat Wind Farm Pty Ltd,Wind,4.3,241.0,1.78,-8.0,-37.232778,143.031389,Ararat Wind Farm
2026-09-28 15:55:00,2026-09-28T05:59:08.265666,Ararat Wind Farm (ARWF1),Ararat Wind Farm,ARWF1,VIC1,Ararat Wind Farm Pty Ltd,Wind,0.0,241.0,0.0,77.26144,-37.232778,143.031389,Ararat Wind Farm
2026-09-28 23:40:00,2026-09-28T13:42:17.289472,Ararat Wind Farm (ARWF1),Ararat Wind Farm,ARWF1,VIC1,Ararat Wind Farm Pty Ltd,Wind,64.8,241.0,26.89,66.18985,-37.232778,143.031389,Ararat Wind Farm
2026-09-28 01:15:00,2026-09-27T15:16:55.965252,Bald Hills Wind Farm (BALDHWF1),Bald Hills Wind Farm,BALDHWF1,VIC1,Alinta Energy Retail Sales Pty Ltd,Wind,3.75,106.0,3.54,23.58745,-38.79,145.93,Bald Hills Wind Farm
2026-09-28 05:05:00,2026-09-27T19:04:49.605467,Bald Hills Wind Farm (BALDHWF1),Bald Hills Wind Farm,BALDHWF1,VIC1,Alinta Energy Retail Sales Pty Ltd,Wind,2.13,106.0,2.01,55.80427,-38.79,145.93,Bald Hills Wind Farm
2026-09-28 08:10:00,2026-09-27T22:10:16.469845,Bald Hills Wind Farm (BALDHWF1),Bald Hills Wind Farm,BALDHWF1,VIC1,Alinta Energy Retail Sales Pty Ltd,Wind,2.59,106.0,2.44,10.5,-38.79,145.93,Bald Hills Wind Farm
2026-09-28 10:45:00,2026-09-28T00:48:09.068651,Bald Hills Wind Farm (BALDHWF1),Bald Hills Wind Farm,BALDHWF1,VIC1,Alinta Energy Retail Sales Pty Ltd,Wind,0.0,106.0,0.0,-8.0,-38.79,145.93,Bald Hills Wind Farm
2026-09-28 15:55:00,2026-09-28T05:59:08.265666,Bald Hills Wind Farm (BALDHWF1),Bald Hills Wind Farm,BALDHWF1,VIC1,Alinta Energy Retail Sales Pty Ltd,Wind,6.51,106.0,6.14,77.26144,-38.79,145.93,Bald Hills Wind Farm
2026-09-28 23:40:00,2026-09-28T13:42:17.289472,Bald Hills Wind Farm (BALDHWF1),Bald Hills Wind Farm,BALDHWF1,VIC1,Alinta Energy Retail Sales Pty Ltd,Wind,17.73,106.0,16.73,66.18985,-38.79,145.93,Bald Hills Wind Farm
2026-09-28 01:15:00,2026-09-27T15:16:55.965252,Bango 973 Wind Farm (BANGOWF1),Bango 973 Wind Farm,BANGOWF1,NSW1,BWF Nominees Pty Ltd as The Trustee for BWF Trust,Wind,114.4,155.0,73.81,76.15,-34.551582,148.732808,Bango 973 Wind Farm
2026-09-28 05:05:00,2026-09-27T19:04:49.605467,Bango 973 Wind Farm (BANGOWF1),Bango 973 Wind Farm,BANGOWF1,NSW1,BWF Nominees Pty Ltd as The Trustee for BWF Trust,Wind,105.3,155.0,67.94,64.95,-34.551582,148.732808,Bango 973 Wind Farm
2026-09-28 08:10:00,2026-09-27T22:10:16.469845,Bango 973 Wind Farm (BANGOWF1),Bango 973 Wind Farm,BANGOWF1,NSW1,BWF Nominees Pty Ltd as The Trustee for BWF Trust,Wind,68.0,155.0,43.87,87.01,-34.551582,148.732808,Bango 973 Wind Farm
2026-09-28 10:45:00,2026-09-28T00:48:09.068651,Bango 973 Wind Farm (BANGOWF1),Bango 973 Wind Farm,BANGOWF1,NSW1,BWF Nominees Pty Ltd as The Trustee for BWF Trust,Wind,39.9,155.0,25.74,67.18,-34.551582,148.732808,Bango 973 Wind Farm
2026-09-28 15:55:00,2026-09-28T05:59:08.265666,Bango 973 Wind Farm (BANGOWF1),Bango 973 Wind Farm,BANGOWF1,NSW1,BWF Nominees Pty Ltd as The Trustee for BWF Trust,Wind,23.3,155.0,15.03,75.94,-34.551582,148.732808,Bango 973 Wind Farm
2026-09-28 23:40:00,2026-09-28T13:42:17.289472,Bango 973 Wind Farm (BANGOWF1),Bango 973 Wind Farm,BANGOWF1,NSW1,BWF Nominees Pty Ltd as The Trustee for BWF Trust,Wind,57.2,155.0,36.9,75.9601,-34.551582,148.732808,Bango 973 Wind Farm
2026-09-28 01:15:00,2026-09-27T15:16:55.965252,Bango 999 Wind Farm (BANGOWF2),Bango 999 Wind Farm,BANGOWF2,NSW1,BWF Nominees Pty Ltd as The Trustee for BWF Trust,Wind,69.5,82.0,84.76,76.15,-34.551582,148.732808,Bango 999 Wind Farm
2026-09-28 05:05:00,2026-09-27T19:04:49.605467,Bango 999 Wind Farm (BANGOWF2),Bango 999 Wind Farm,BANGOWF2,NSW1,BWF Nominees Pty Ltd as The Trustee for BWF Trust,Wind,63.7,82.0,77.68,64.95,-34.551582,148.732808,Bango 999 Wind Farm
2026-09-28 08:10:00,2026-09-27T22:10:16.469845,Bango 999 Wind Farm (BANGOWF2),Bango 999 Wind Farm,BANGOWF2,NSW1,BWF Nominees Pty Ltd as The Trustee for BWF Trust,Wind,42.8,82.0,52.2,87.01,-34.551582,148.732808,Bango 999 Wind Farm
2026-09-28 10:45:00,2026-09-28T00:48:09.068651,Bango 999 Wind Farm (BANGOWF2),Bango 999 Wind Farm,BANGOWF2,NSW1,BWF Nominees Pty Ltd as The Trustee for BWF Trust,Wind,25.2,82.0,30.73,67.18,-34.551582,148.732808,Bango 999 Wind Farm
2026-09-28 15:55:00,2026-09-28T05:59:08.265666,Bango 999 Wind Farm (BANGOWF2),Bango 999 Wind Farm,BANGOWF2,NSW1,BWF Nominees Pty Ltd as The Trustee for BWF Trust,Wind,10.9,82.0,13.29,75.94,-34.551582,148.732808,Bango 999 Wind Farm
2026-09-28 23:40:00,2026-09-28T13:42:17.289472,Bango 999 Wind Farm (BANGOWF2),Bango 999 Wind Farm,BANGOWF2,NSW1,BWF Nominees Pty Ltd as The Trustee for BWF Trust,Wind,28.8,82.0,35.12,75.9601,-34.551582,148.732808,Bango 999 Wind Farm
2026-09-28 01:15:00,2026-09-27T15:16:55.965252,The Bluff Wind Farm (BLUFF1),The Bluff Wind Farm,BLUFF1,SA1,AGL SA Generation Pty Limited,Wind,28.0,53.0,52.83,43.34,-33.367778,138.728611,The Bluff Wind Farm
2026-09-28 05:05:00,2026-09-27T19:04:49.605467,The Bluff Wind Farm (BLUFF1),The Bluff Wind Farm,BLUFF1,SA1,AGL SA Generation Pty Limited,Wind,43.0,53.0,81.13,48.77983,-33.367778,138.728611,The Bluff Wind Farm
2026-09-28 08:10:00,2026-09-27T22:10:16.469845,The Bluff Wind Farm (BLUFF1),The Bluff Wind Farm,BLUFF1,SA1,AGL SA Generation Pty Limited,Wind,13.1,53.0,24.72,190.0,-33.367778,138.728611,The Bluff Wind Farm
2026-09-28 10:45:00,2026-09-28T00:48:09.068651,The Bluff Wind Farm (BLUFF1),The Bluff Wind Farm,BLUFF1,SA1,AGL SA Generation Pty Limited,Wind,0.0,53.0,0.0,-8.85295,-33.367778,138.728611,The Bluff Wind Farm
2026-09-28 15:55:00,2026-09-28T05:59:08.265666,The Bluff Wind Farm (BLUFF1),The Bluff Wind Farm,BLUFF1,SA1,AGL SA Generation Pty Limited,Wind,0.9,53.0,1.7,74.62433,-33.367778,138.728611,The Bluff Wind Farm
2026-09-28 23:40:00,2026-09-28T13:42:17.289472,The Bluff Wind Farm (BLUFF1),The Bluff Wind Farm,BLUFF1,SA1,AGL SA Generation Pty Limited,Wind,38.5,53.0,72.64,58.56284,-33.367778,138.728611,The Bluff Wind Farm
2026-09-28 01:15:00,2026-09-27T15:16:55.965252,Boco Rock Wind Farm (BOCORWF1),Boco Rock Wind Farm,BOCORWF1,NSW1,Boco Rock Wind Farm Pty Ltd,Wind,0.0,111.0,0.0,76.15,-36.578611,149.103333,Boco Rock Wind Farm
2026-09-28 05:05:00,2026-09-27T19:04:49.605467,Boco Rock Wind Farm (BOCORWF1),Boco Rock Wind Farm,BOCORWF1,NSW1,Boco Rock Wind Farm Pty Ltd,Wind,9.91,111.0,8.93,64.95,-36.578611,149.103333,Boco Rock Wind Farm
2026-09-28 08:10:00,2026-09-27T22:10:16.469845,Boco Rock Wind Farm (BOCORWF1),Boco Rock Wind Farm,BOCORWF1,NSW1,Boco Rock Wind Farm Pty Ltd,Wind,13.68,111.0,12.32,87.01,-36.578611,149.103333,Boco Rock Wind Farm
2026-09-28 10:45:00,2026-09-28T00:48:09.068651,Boco Rock Wind Farm (BOCORWF1),Boco Rock Wind Farm,BOCORWF1,NSW1,Boco Rock Wind Farm Pty Ltd,Wind,12.53,111.0,11.29,67.18,-36.578611,149.103333,Boco Rock Wind Farm
2026-09-28 15:55:00,2026-09-28T05:59:08.265666,Boco Rock Wind Farm (BOCORWF1),Boco Rock Wind Farm,BOCORWF1,NSW1,Boco Rock Wind Farm Pty Ltd,Wind,38.15,111.0,34.37,75.94,-36.578611,149.103333,Boco Rock Wind Farm
2026-09-28 23:40:00,2026-09-28T13:42:17.289472,Boco Rock Wind Farm (BOCORWF1),Boco Rock Wind Farm,BOCORWF1,NSW1,Boco Rock Wind Farm Pty Ltd,Wind,34.03,111.0,30.66,75.9601,-36.578611,149.103333,Boco Rock Wind Farm
2026-09-28 01:15:00,2026-09-27T15:16:55.965252,Berrybank Wind Farm (BRYB1WF1),Berrybank Wind Farm,BRYB1WF1,VIC1,Berrybank Development Pty Ltd,Wind,32.12,175.9,18.26,23.58745,-37.94,143.52,Berrybank Wind Farm
2026-09-28 05:05:00,2026-09-27T19:04:49.605467,Berrybank Wind Farm (BRYB1WF1),Berrybank Wind Farm,BRYB1WF1,VIC1,Berrybank Development Pty Ltd,Wind,37.69,175.9,21.43,55.80427,-37.94,143.52,Berrybank Wind Farm
2026-09-28 08:10:00,2026-09-27T22:10:16.469845,Berrybank Wind Farm (BRYB1WF1),Berrybank Wind Farm,BRYB1WF1,VIC1,Berrybank Development Pty Ltd,Wind,40.68,175.9,23.13,10.5,-37.94,143.52,Berrybank Wind Farm
2026-09-28 10:45:00,2026-09-28T00:48:09.068651,Berrybank Wind Farm (BRYB1WF1),Berrybank Wind Farm,BRYB1WF1,VIC1,Berrybank Development Pty Ltd,Wind,29.61,175.9,16.83,-8.0,-37.94,143.52,Berrybank Wind Farm
2026-09-28 15:55:00,2026-09-28T05:59:08.265666,Berrybank Wind Farm (BRYB1WF1),Berrybank Wind Farm,BRYB1WF1,VIC1,Berrybank Development Pty Ltd,Wind,3.84,175.9,2.18,77.26144,-37.94,143.52,Berrybank Wind Farm
2026-09-28 23:40:00,2026-09-28T13:42:17.289472,Berrybank Wind Farm (BRYB1WF1),Berrybank Wind Farm,BRYB1WF1,VIC1,Berrybank Development Pty Ltd,Wind,11.08,175.9,6.3,66.18985,-37.94,143.52,Berrybank Wind Farm
2026-09-28 01:15:00,2026-09-27T15:16:55.965252,Berrybank 2 Wind Farm (BRYB2WF2),Berrybank 2 Wind Farm,BRYB2WF2,VIC1,Berrybank 2 Asset Pty Ltd as trustee for Berrybank 2 Asset Trust,Wind,16.82,105.0,16.02,23.58745,-37.94,143.52,Berrybank 2 Wind Farm
2026-09-28 05:05:00,2026-09-27T19:04:49.605467,Berrybank 2 Wind Farm (BRYB2WF2),Berrybank 2 Wind Farm,BRYB2WF2,VIC1,Berrybank 2 Asset Pty Ltd as trustee for Berrybank 2 Asset Trust,Wind,20.38,105.0,19.41,55.80427,-37.94,143.52,Berrybank 2 Wind Farm
2026-09-28 08:10:00,2026-09-27T22:10:16.469845,Berrybank 2 Wind Farm (BRYB2WF2),Berrybank 2 Wind Farm,BRYB2WF2,VIC1,Berrybank 2 Asset Pty Ltd as trustee for Berrybank 2 Asset Trust,Wind,34.1,105.0,32.48,10.5,-37.94,143.52,Berrybank 2 Wind Farm
2026-09-28 10:45:00,2026-09-28T00:48:09.068651,Berrybank 2 Wind Farm (BRYB2WF2),Berrybank 2 Wind Farm,BRYB2WF2,VIC1,Berrybank 2 Asset Pty Ltd as trustee for Berrybank 2 Asset Trust,Wind,19.52,105.0,18.59,-8.0,-37.94,143.52,Berrybank 2 Wind Farm
2026-09-28 15:55:00,2026-09-28T05:59:08.265666,Berrybank 2 Wind Farm (BRYB2WF2),Berrybank 2 Wind Farm,BRYB2WF2,VIC1,Berrybank 2 Asset Pty Ltd as trustee for Berrybank 2 Asset Trust,Wind,3.16,105.0,3.01,77.26144,-37.94,143.52,Berrybank 2 Wind Farm
2026-09-28 23:40:00,2026-09-28T13:42:17.289472,Berrybank 2 Wind Farm (BRYB2WF2),Berrybank 2 Wind Farm,BRYB2WF2,VIC1,Berrybank 2 Asset Pty Ltd as trustee for Berrybank 2 Asset Trust,Wind,16.06,105.0,15.3,66.18985,-37.94,143.52,Berrybank 2 Wind Farm
2026-09-28 01:15:00,2026-09-27T15:16:55.965252,Bulgana Green Power Hub (BULGANA1),Bulgana Green Power Hub,BULGANA1,VIC1,Bulgana Wind Farm Pty Ltd,Wind,55.58,204.0,27.25,23.58745,-37.0975,142.973611,Bulgana Green Power Hub
2026-09-28 05:05:00,2026-09-27T19:04:49.605467,Bulgana Green Power Hub (BULGANA1),Bulgana Green Power Hub,BULGANA1,VIC1,Bulgana Wind Farm Pty Ltd,Wind,37.96,204.0,18.61,55.80427,-37.0975,142.973611,Bulgana Green Power Hub
2026-09-28 08:10:00,2026-09-27T22:10:16.469845,Bulgana Green Power Hub (BULGANA1),Bulgana Green Power Hub,BULGANA1,VIC1,Bulgana Wind Farm Pty Ltd,Wind,4.94,204.0,2.42,10.5,-37.0975,142.973611,Bulgana Green Power Hub
2026-09-28 10:45:00,2026-09-28T00:48:09.068651,Bulgana Green Power Hub (BULGANA1),Bulgana Green Power Hub,BULGANA1,VIC1,Bulgana Wind Farm Pty Ltd,Wind,4.13,204.0,2.02,-8.0,-37.0975,142.973611,Bulgana Green Power Hub
2026-09-28 15:55:00,2026-09-28T05:59:08.265666,Bulgana Green Power Hub (BULGANA1),Bulgana Green Power Hub,BULGANA1,VIC1,Bulgana Wind Farm Pty Ltd,Wind,0.0,204.0,0.0,77.26144,-37.0975,142.973611,Bulgana Green Power Hub
2026-09-28 23:40:00,2026-09-28T13:42:17.289472,Bulgana Green Power Hub (BULGANA1),Bulgana Green Power Hub,BULGANA1,VIC1,Bulgana Wind Farm Pty Ltd,Wind,97.58,204.0,47.83,66.18985,-37.0975,142.973611,Bulgana Green Power Hub
2026-09-28 01:15:00,2026-09-27T15:16:55.965252,Capital Wind Farm (CAPTL_WF),Capital Wind Farm,CAPTL_WF,NSW1,Iberdrola Australia Holdings Pty Limited,Wind,37.22,140.0,26.59,76.15,-35.1,149.31,Capital Wind Farm
2026-09-28 05:05:00,2026-09-27T19:04:49.605467,Capital Wind Farm (CAPTL_WF),Capital Wind Farm,CAPTL_WF,NSW1,Iberdrola Australia Holdings Pty Limited,Wind,21.56,140.0,15.4,64.95,-35.1,149.31,Capital Wind Farm
2026-09-28 08:10:00,2026-09-27T22:10:16.469845,Capital Wind Farm (CAPTL_WF),Capital Wind Farm,CAPTL_WF,NSW1,Iberdrola Australia Holdings Pty Limited,Wind,30.54,140.0,21.81,87.01,-35.1,149.31,Capital Wind Farm
2026-09-28 10:45:00,2026-09-28T00:48:09.068651,Capital Wind Farm (CAPTL_WF),Capital Wind Farm,CAPTL_WF,NSW1,Iberdrola Australia Holdings Pty Limited,Wind,0.0,140.0,0.0,67.18,-35.1,149.31,Capital Wind Farm
2026-09-28 15:55:00,2026-09-28T05:59:08.265666,Capital Wind Farm (CAPTL_WF),Capital Wind Farm,CAPTL_WF,NSW1,Iberdrola Australia Holdings Pty Limited,Wind,0.0,140.0,0.0,75.94,-35.1,149.31,Capital Wind Farm
2026-09-28 23:40:00,2026-09-28T13:42:17.289472,Capital Wind Farm (CAPTL_WF),Capital Wind Farm,CAPTL_WF,NSW1,Iberdrola Australia Holdings Pty Limited,Wind,0.0,140.0,0.0,75.9601,-35.1,149.31,Capital Wind Farm
2026-09-28 01:15:00,2026-09-27T15:16:55.965252,Cathedral Rocks (CATHROCK),Cathedral Rocks,CATHROCK,SA1,Cathedral Rocks Wind Farm Pty Ltd,Wind,60.0,66.0,90.91,43.34,-34.51,135.35,Cathedral Rocks
2026-09-28 05:05:00,2026-09-27T19:04:49.605467,Cathedral Rocks (CATHROCK),Cathedral Rocks,CATHROCK,SA1,Cathedral Rocks Wind Farm Pty Ltd,Wind,60.0,66.0,90.91,48.77983,-34.51,135.35,Cathedral Rocks
2026-09-28 08:10:00,2026-09-27T22:10:16.469845,Cathedral Rocks (CATHROCK),Cathedral Rocks,CATHROCK,SA1,Cathedral Rocks Wind Farm Pty Ltd,Wind,60.0,66.0,90.91,190.0,-34.51,135.35,Cathedral Rocks
2026-09-28 10:45:00,2026-09-28T00:48:09.068651,Cathedral Rocks (CATHROCK),Cathedral Rocks,CATHROCK,SA1,Cathedral Rocks Wind Farm Pty Ltd,Wind,0.0,66.0,0.0,-8.85295,-34.51,135.35,Cathedral Rocks
2026-09-28 15:55:00,2026-09-28T05:59:08.265666,Cathedral Rocks (CATHROCK),Cathedral Rocks,CATHROCK,SA1,Cathedral Rocks Wind Farm Pty Ltd,Wind,55.2,66.0,83.64,74.62433,-34.51,135.35,Cathedral Rocks
2026-09-28 23:40:00,2026-09-28T13:42:17.289472,Cathedral Rocks (CATHROCK),Cathedral Rocks,CATHROCK,SA1,Cathedral Rocks Wind Farm Pty Ltd,Wind,41.3,66.0,62.58,58.56284,-34.51,135.35,Cathedral Rocks
2026-09-28 01:15:00,2026-09-27T15:16:55.965252,Challicum Hills Wind Farm (CHALLHWF),Challicum Hills Wind Farm,CHALLHWF,VIC1,Pacific Hydro Challicum Hills Pty Ltd,Wind,16.4,52.0,31.54,23.58745,-37.38,143.11,Challicum Hills Wind Farm
2026-09-28 05:05:00,2026-09-27T19:04:49.605467,Challicum Hills Wind Farm (CHALLHWF),Challicum Hills Wind Farm,CHALLHWF,VIC1,Pacific Hydro Challicum Hills Pty Ltd,Wind,18.6,52.0,35.77,55.80427,-37.38,143.11,Challicum Hills Wind Farm
2026-09-28 08:10:00,2026-09-27T22:10:16.469845,Challicum Hills Wind Farm (CHALLHWF),Challicum Hills Wind Farm,CHALLHWF,VIC1,Pacific Hydro Challicum Hills Pty Ltd,Wind,5.0,52.0,9.62,10.5,-37.38,143.11,Challicum Hills Wind Farm
2026-09-28 10:45:00,2026-09-28T00:48:09.068651,Challicum Hills Wind Farm (CHALLHWF),Challicum Hills Wind Farm,CHALLHWF,VIC1,Pacific Hydro Challicum Hills Pty Ltd,Wind,0.0,52.0,0.0,-8.0,-37.38,143.11,Challicum Hills Wind Farm
2026-09-28 15:55:00,2026-09-28T05:59:08.265666,Challicum Hills Wind Farm (CHALLHWF),Challicum Hills Wind Farm,CHALLHWF,VIC1,Pacific Hydro Challicum Hills Pty Ltd,Wind,0.0,52.0,0.0,77.26144,-37.38,143.11,Challicum Hills Wind Farm
2026-09-28 23:40:00,2026-09-28T13:42:17.289472,Challicum Hills Wind Farm (CHALLHWF),Challicum Hills Wind Farm,CHALLHWF,VIC1,Pacific Hydro Challicum Hills Pty Ltd,Wind,7.7,52.0,14.81,66.18985,-37.38,143.11,Challicum Hills Wind Farm
2026-09-28 01:15:00,2026-09-27T15:16:55.965252,Cherry Tree Wind Farm (CHYTWF1),Cherry Tree Wind Farm,CHYTWF1,VIC1,Cherry Tree Wind Farm Pty Ltd as trustee for The Cherry Tree Project trust ,Wind,26.07,57.0,45.74,23.58745,-37.1,145.26,Cherry Tree Wind Farm
2026-09-28 05:05:00,2026-09-27T19:04:49.605467,Cherry Tree Wind Farm (CHYTWF1),Cherry Tree Wind Farm,CHYTWF1,VIC1,Cherry Tree Wind Farm Pty Ltd as trustee for The Cherry Tree Project trust ,Wind,9.41,57.0,16.51,55.80427,-37.1,145.26,Cherry Tree Wind Farm
2026-09-28 08:10:00,2026-09-27T22:10:16.469845,Cherry Tree Wind Farm (CHYTWF1),Cherry Tree Wind Farm,CHYTWF1,VIC1,Cherry Tree Wind Farm Pty Ltd as trustee for The Cherry Tree Project trust ,Wind,2.73,57.0,4.79,10.5,-37.1,145.26,Cherry Tree Wind Farm
2026-09-28 10:45:00,2026-09-28T00:48:09.068651,Cherry Tree Wind Farm (CHYTWF1),Cherry Tree Wind Farm,CHYTWF1,VIC1,Cherry Tree Wind Farm Pty Ltd as trustee for The Cherry Tree Project trust ,Wind,0.0,57.0,0.0,-8.0,-37.1,145.26,Cherry Tree Wind Farm
2026-09-28 15:55:00,2026-09-28T05:59:08.265666,Cherry Tree Wind Farm (CHYTWF1),Cherry Tree Wind Farm,CHYTWF1,VIC1,Cherry Tree Wind Farm Pty Ltd as trustee for The Cherry Tree Project trust ,Wind,0.0,57.0,0.0,77.26144,-37.1,145.26,Cherry Tree Wind Farm
2026-09-28 23:40:00,2026-09-28T13:42:17.289472,Cherry Tree Wind Farm (CHYTWF1),Cherry Tree Wind Farm,CHYTWF1,VIC1,Cherry Tree Wind Farm Pty Ltd as trustee for The Cherry Tree Project trust ,Wind,0.0,57.0,0.0,66.18985,-37.1,145.26,Cherry Tree Wind Farm
2026-09-28 01:15:00,2026-09-27T15:16:55.965252,Clements Gap Wind Farm (CLEMGPWF),Clements Gap Wind Farm,CLEMGPWF,SA1,Pacific Hydro Clements Gap Pty Ltd,Wind,48.98,57.0,85.93,43.34,-33.48,138.1,Clements Gap Wind Farm
2026-09-28 05:05:00,2026-09-27T19:04:49.605467,Clements Gap Wind Farm (CLEMGPWF),Clements Gap Wind Farm,CLEMGPWF,SA1,Pacific Hydro Clements Gap Pty Ltd,Wind,47.47,57.0,83.28,48.77983,-33.48,138.1,Clements Gap Wind Farm
2026-09-28 08:10:00,2026-09-27T22:10:16.469845,Clements Gap Wind Farm (CLEMGPWF),Clements Gap Wind Farm,CLEMGPWF,SA1,Pacific Hydro Clements Gap Pty Ltd,Wind,48.34,57.0,84.81,190.0,-33.48,138.1,Clements Gap Wind Farm
2026-09-28 10:45:00,2026-09-28T00:48:09.068651,Clements Gap Wind Farm (CLEMGPWF),Clements Gap Wind Farm,CLEMGPWF,SA1,Pacific Hydro Clements Gap Pty Ltd,Wind,27.3,57.0,47.89,-8.85295,-33.48,138.1,Clements Gap Wind Farm
2026-09-28 15:55:00,2026-09-28T05:59:08.265666,Clements Gap Wind Farm (CLEMGPWF),Clements Gap Wind Farm,CLEMGPWF,SA1,Pacific Hydro Clements Gap Pty Ltd,Wind,0.0,57.0,0.0,74.62433,-33.48,138.1,Clements Gap Wind Farm
2026-09-28 23:40:00,2026-09-28T13:42:17.289472,Clements Gap Wind Farm (CLEMGPWF),Clements Gap Wind Farm,CLEMGPWF,SA1,Pacific Hydro Clements Gap Pty Ltd,Wind,47.4,57.0,83.16,58.56284,-33.48,138.1,Clements Gap Wind Farm
2026-09-28 01:15:00,2026-09-27T15:16:55.965252,Clarke Creek Wind Farm (CLRKCWF1),Clarke Creek Wind Farm,CLRKCWF1,QLD1,Stanwell Corporation Limited ,Wind,197.76,338.0,58.51,71.52468,-22.85,149.45,Clarke Creek Wind Farm
2026-09-28 05:05:00,2026-09-27T19:04:49.605467,Clarke Creek Wind Farm (CLRKCWF1),Clarke Creek Wind Farm,CLRKCWF1,QLD1,Stanwell Corporation Limited ,Wind,202.23,338.0,59.83,61.44757,-22.85,149.45,Clarke Creek Wind Farm
2026-09-28 08:10:00,2026-09-27T22:10:16.469845,Clarke Creek Wind Farm (CLRKCWF1),Clarke Creek Wind Farm,CLRKCWF1,QLD1,Stanwell Corporation Limited ,Wind,0.0,338.0,0.0,82.4377,-22.85,149.45,Clarke Creek Wind Farm
2026-09-28 10:45:00,2026-09-28T00:48:09.068651,Clarke Creek Wind Farm (CLRKCWF1),Clarke Creek Wind Farm,CLRKCWF1,QLD1,Stanwell Corporation Limited ,Wind,0.0,338.0,0.0,62.82862,-22.85,149.45,Clarke Creek Wind Farm
2026-09-28 15:55:00,2026-09-28T05:59:08.265666,Clarke Creek Wind Farm (CLRKCWF1),Clarke Creek Wind Farm,CLRKCWF1,QLD1,Stanwell Corporation Limited ,Wind,0.0,338.0,0.0,71.67674,-22.85,149.45,Clarke Creek Wind Farm
2026-09-28 23:40:00,2026-09-28T13:42:17.289472,Clarke Creek Wind Farm (CLRKCWF1),Clarke Creek Wind Farm,CLRKCWF1,QLD1,Stanwell Corporation Limited ,Wind,247.7,338.0,73.28,69.15201,-22.85,149.45,Clarke Creek Wind Farm
2026-09-28 01:15:00,2026-09-27T15:16:55.965252,Clarke Creek Wind Farm (CLRKCWF2),Clarke Creek Wind Farm,CLRKCWF2,QLD1,Stanwell Corporation Limited ,Wind,64.39,101.0,63.75,71.52468,-22.85,149.45,Clarke Creek Wind Farm
2026-09-28 05:05:00,2026-09-27T19:04:49.605467,Clarke Creek Wind Farm (CLRKCWF2),Clarke Creek Wind Farm,CLRKCWF2,QLD1,Stanwell Corporation Limited ,Wind,79.17,101.0,78.39,61.44757,-22.85,149.45,Clarke Creek Wind Farm
2026-09-28 08:10:00,2026-09-27T22:10:16.469845,Clarke Creek Wind Farm (CLRKCWF2),Clarke Creek Wind Farm,CLRKCWF2,QLD1,Stanwell Corporation Limited ,Wind,28.85,101.0,28.56,82.4377,-22.85,149.45,Clarke Creek Wind Farm
2026-09-28 10:45:00,2026-09-28T00:48:09.068651,Clarke Creek Wind Farm (CLRKCWF2),Clarke Creek Wind Farm,CLRKCWF2,QLD1,Stanwell Corporation Limited ,Wind,15.24,101.0,15.09,62.82862,-22.85,149.45,Clarke Creek Wind Farm
2026-09-28 15:55:00,2026-09-28T05:59:08.265666,Clarke Creek Wind Farm (CLRKCWF2),Clarke Creek Wind Farm,CLRKCWF2,QLD1,Stanwell Corporation Limited ,Wind,38.74,101.0,38.36,71.67674,-22.85,149.45,Clarke Creek Wind Farm
2026-09-28 23:40:00,2026-09-28T13:42:17.289472,Clarke Creek Wind Farm (CLRKCWF2),Clarke Creek Wind Farm,CLRKCWF2,QLD1,Stanwell Corporation Limited ,Wind,86.41,101.0,85.55,69.15201,-22.85,149.45,Clarke Creek Wind Farm
2026-09-28 01:15:00,2026-09-27T15:16:55.965252,Canunda Wind Farm (CNUNDAWF),Canunda Wind Farm,CNUNDAWF,SA1,Canunda Power Pty Ltd,Wind,9.61,46.0,20.89,43.34,-37.73,140.39,Canunda Wind Farm
2026-09-28 05:05:00,2026-09-27T19:04:49.605467,Canunda Wind Farm (CNUNDAWF),Canunda Wind Farm,CNUNDAWF,SA1,Canunda Power Pty Ltd,Wind,17.72,46.0,38.52,48.77983,-37.73,140.39,Canunda Wind Farm
2026-09-28 08:10:00,2026-09-27T22:10:16.469845,Canunda Wind Farm (CNUNDAWF),Canunda Wind Farm,CNUNDAWF,SA1,Canunda Power Pty Ltd,Wind,12.21,46.0,26.54,190.0,-37.73,140.39,Canunda Wind Farm
2026-09-28 10:45:00,2026-09-28T00:48:09.068651,Canunda Wind Farm (CNUNDAWF),Canunda Wind Farm,CNUNDAWF,SA1,Canunda Power Pty Ltd,Wind,0.0,46.0,0.0,-8.85295,-37.73,140.39,Canunda Wind Farm
2026-09-28 15:55:00,2026-09-28T05:59:08.265666,Canunda Wind Farm (CNUNDAWF),Canunda Wind Farm,CNUNDAWF,SA1,Canunda Power Pty Ltd,Wind,0.0,46.0,0.0,74.62433,-37.73,140.39,Canunda Wind Farm
2026-09-28 23:40:00,2026-09-28T13:42:17.289472,Canunda Wind Farm (CNUNDAWF),Canunda Wind Farm,CNUNDAWF,SA1,Canunda Power Pty Ltd,Wind,5.51,46.0,11.98,58.56284,-37.73,140.39,Canunda Wind Farm
2026-09-28 01:15:00,2026-09-27T15:16:55.965252,Collector Wind Farm 1 (COLWF01),Collector Wind Farm 1,COLWF01,NSW1,Collector Wind Farm Pty Ltd,Wind,109.21,219.0,49.87,76.15,-34.8719,149.3967,Collector Wind Farm 1
2026-09-28 05:05:00,2026-09-27T19:04:49.605467,Collector Wind Farm 1 (COLWF01),Collector Wind Farm 1,COLWF01,NSW1,Collector Wind Farm Pty Ltd,Wind,94.74,219.0,43.26,64.95,-34.8719,149.3967,Collector Wind Farm 1
2026-09-28 08:10:00,2026-09-27T22:10:16.469845,Collector Wind Farm 1 (COLWF01),Collector Wind Farm 1,COLWF01,NSW1,Collector Wind Farm Pty Ltd,Wind,100.52,219.0,45.9,87.01,-34.8719,149.3967,Collector Wind Farm 1
2026-09-28 10:45:00,2026-09-28T00:48:09.068651,Collector Wind Farm 1 (COLWF01),Collector Wind Farm 1,COLWF01,NSW1,Collector Wind Farm Pty Ltd,Wind,34.44,219.0,15.73,67.18,-34.8719,149.3967,Collector Wind Farm 1
2026-09-28 15:55:00,2026-09-28T05:59:08.265666,Collector Wind Farm 1 (COLWF01),Collector Wind Farm 1,COLWF01,NSW1,Collector Wind Farm Pty Ltd,Wind,21.01,219.0,9.59,75.94,-34.8719,149.3967,Collector Wind Farm 1
2026-09-28 23:40:00,2026-09-28T13:42:17.289472,Collector Wind Farm 1 (COLWF01),Collector Wind Farm 1,COLWF01,NSW1,Collector Wind Farm Pty Ltd,Wind,9.57,219.0,4.37,75.9601,-34.8719,149.3967,Collector Wind Farm 1
2026-09-28 01:15:00,2026-09-27T15:16:55.965252,Coopers Gap Wind Farm (COOPGWF1),Coopers Gap Wind Farm,COOPGWF1,QLD1,PARF Company 10 Pty Limited as The Trustee for Coopers Gap Project Trust,Wind,225.9,440.0,51.34,71.52468,-26.74,151.45,Coopers Gap Wind Farm
2026-09-28 05:05:00,2026-09-27T19:04:49.605467,Coopers Gap Wind Farm (COOPGWF1),Coopers Gap Wind Farm,COOPGWF1,QLD1,PARF Company 10 Pty Limited as The Trustee for Coopers Gap Project Trust,Wind,200.83,440.0,45.64,61.44757,-26.74,151.45,Coopers Gap Wind Farm
2026-09-28 08:10:00,2026-09-27T22:10:16.469845,Coopers Gap Wind Farm (COOPGWF1),Coopers Gap Wind Farm,COOPGWF1,QLD1,PARF Company 10 Pty Limited as The Trustee for Coopers Gap Project Trust,Wind,192.15,440.0,43.67,82.4377,-26.74,151.45,Coopers Gap Wind Farm
2026-09-28 10:45:00,2026-09-28T00:48:09.068651,Coopers Gap Wind Farm (COOPGWF1),Coopers Gap Wind Farm,COOPGWF1,QLD1,PARF Company 10 Pty Limited as The Trustee for Coopers Gap Project Trust,Wind,9.98,440.0,2.27,62.82862,-26.74,151.45,Coopers Gap Wind Farm
2026-09-28 15:55:00,2026-09-28T05:59:08.265666,Coopers Gap Wind Farm (COOPGWF1),Coopers Gap Wind Farm,COOPGWF1,QLD1,PARF Company 10 Pty Limited as The Trustee for Coopers Gap Project Trust,Wind,29.04,440.0,6.6,71.67674,-26.74,151.45,Coopers Gap Wind Farm
2026-09-28 23:40:00,2026-09-28T13:42:17.289472,Coopers Gap Wind Farm (COOPGWF1),Coopers Gap Wind Farm,COOPGWF1,QLD1,PARF Company 10 Pty Limited as The Trustee for Coopers Gap Project Trust,Wind,411.58,440.0,93.54,69.15201,-26.74,151.45,Coopers Gap Wind Farm
2026-09-28 01:15:00,2026-09-27T15:16:55.965252,Crookwell 2 Wind Farm (CROOKWF2),Crookwell 2 Wind Farm,CROOKWF2,NSW1,Crookwell Development Pty Ltd ,Wind,37.39,91.0,41.09,76.15,-34.52,149.54,Crookwell 2 Wind Farm
2026-09-28 05:05:00,2026-09-27T19:04:49.605467,Crookwell 2 Wind Farm (CROOKWF2),Crookwell 2 Wind Farm,CROOKWF2,NSW1,Crookwell Development Pty Ltd ,Wind,19.83,91.0,21.79,64.95,-34.52,149.54,Crookwell 2 Wind Farm
2026-09-28 08:10:00,2026-09-27T22:10:16.469845,Crookwell 2 Wind Farm (CROOKWF2),Crookwell 2 Wind Farm,CROOKWF2,NSW1,Crookwell Development Pty Ltd ,Wind,28.0,91.0,30.77,87.01,-34.52,149.54,Crookwell 2 Wind Farm
2026-09-28 10:45:00,2026-09-28T00:48:09.068651,Crookwell 2 Wind Farm (CROOKWF2),Crookwell 2 Wind Farm,CROOKWF2,NSW1,Crookwell Development Pty Ltd ,Wind,23.17,91.0,25.46,67.18,-34.52,149.54,Crookwell 2 Wind Farm
2026-09-28 15:55:00,2026-09-28T05:59:08.265666,Crookwell 2 Wind Farm (CROOKWF2),Crookwell 2 Wind Farm,CROOKWF2,NSW1,Crookwell Development Pty Ltd ,Wind,14.89,91.0,16.36,75.94,-34.52,149.54,Crookwell 2 Wind Farm
2026-09-28 23:40:00,2026-09-28T13:42:17.289472,Crookwell 2 Wind Farm (CROOKWF2),Crookwell 2 Wind Farm,CROOKWF2,NSW1,Crookwell Development Pty Ltd ,Wind,26.87,91.0,29.53,75.9601,-34.52,149.54,Crookwell 2 Wind Farm
2026-09-28 01:15:00,2026-09-27T15:16:55.965252,Crookwell 3 Wind Farm (CROOKWF3),Crookwell 3 Wind Farm,CROOKWF3,NSW1,Crookwell 3 Development Pty Ltd,Wind,24.25,56.0,43.3,76.15,-34.52,149.54,Crookwell 3 Wind Farm
2026-09-28 05:05:00,2026-09-27T19:04:49.605467,Crookwell 3 Wind Farm (CROOKWF3),Crookwell 3 Wind Farm,CROOKWF3,NSW1,Crookwell 3 Development Pty Ltd,Wind,15.62,56.0,27.89,64.95,-34.52,149.54,Crookwell 3 Wind Farm
2026-09-28 08:10:00,2026-09-27T22:10:16.469845,Crookwell 3 Wind Farm (CROOKWF3),Crookwell 3 Wind Farm,CROOKWF3,NSW1,Crookwell 3 Development Pty Ltd,Wind,23.33,56.0,41.66,87.01,-34.52,149.54,Crookwell 3 Wind Farm
2026-09-28 10:45:00,2026-09-28T00:48:09.068651,Crookwell 3 Wind Farm (CROOKWF3),Crookwell 3 Wind Farm,CROOKWF3,NSW1,Crookwell 3 Development Pty Ltd,Wind,10.16,56.0,18.14,67.18,-34.52,149.54,Crookwell 3 Wind Farm
2026-09-28 15:55:00,2026-09-28T05:59:08.265666,Crookwell 3 Wind Farm (CROOKWF3),Crookwell 3 Wind Farm,CROOKWF3,NSW1,Crookwell 3 Development Pty Ltd,Wind,6.84,56.0,12.21,75.94,-34.52,149.54,Crookwell 3 Wind Farm
2026-09-28 23:40:00,2026-09-28T13:42:17.289472,Crookwell 3 Wind Farm (CROOKWF3),Crookwell 3 Wind Farm,CROOKWF3,NSW1,Crookwell 3 Development Pty Ltd,Wind,10.19,56.0,18.2,75.9601,-34.52,149.54,Crookwell 3 Wind Farm
2026-09-28 01:15:00,2026-09-27T15:16:55.965252,Crowlands Wind Farm (CROWLWF1),Crowlands Wind Farm,CROWLWF1,VIC1,Pacific Hydro Crowlands Pty Ltd ,Wind,64.89,79.0,82.14,23.58745,-37.13,143.16,Crowlands Wind Farm
2026-09-28 05:05:00,2026-09-27T19:04:49.605467,Crowlands Wind Farm (CROWLWF1),Crowlands Wind Farm,CROWLWF1,VIC1,Pacific Hydro Crowlands Pty Ltd ,Wind,21.67,79.0,27.43,55.80427,-37.13,143.16,Crowlands Wind Farm
2026-09-28 08:10:00,2026-09-27T22:10:16.469845,Crowlands Wind Farm (CROWLWF1),Crowlands Wind Farm,CROWLWF1,VIC1,Pacific Hydro Crowlands Pty Ltd ,Wind,16.55,79.0,20.95,10.5,-37.13,143.16,Crowlands Wind Farm
2026-09-28 10:45:00,2026-09-28T00:48:09.068651,Crowlands Wind Farm (CROWLWF1),Crowlands Wind Farm,CROWLWF1,VIC1,Pacific Hydro Crowlands Pty Ltd ,Wind,4.64,79.0,5.87,-8.0,-37.13,143.16,Crowlands Wind Farm
2026-09-28 15:55:00,2026-09-28T05:59:08.265666,Crowlands Wind Farm (CROWLWF1),Crowlands Wind Farm,CROWLWF1,VIC1,Pacific Hydro Crowlands Pty Ltd ,Wind,0.09,79.0,0.11,77.26144,-37.13,143.16,Crowlands Wind Farm
2026-09-28 23:40:00,2026-09-28T13:42:17.289472,Crowlands Wind Farm (CROWLWF1),Crowlands Wind Farm,CROWLWF1,VIC1,Pacific Hydro Crowlands Pty Ltd ,Wind,43.38,79.0,54.91,66.18985,-37.13,143.16,Crowlands Wind Farm
2026-09-28 01:15:00,2026-09-27T15:16:55.965252,Crudine Ridge Wind Farm (CRURWF1),Crudine Ridge Wind Farm,CRURWF1,NSW1,CRWF Nominees Pty Ltd As Trustee For The CRWF Trust,Wind,86.8,138.0,62.9,76.15,-32.97,149.64,Crudine Ridge Wind Farm
2026-09-28 05:05:00,2026-09-27T19:04:49.605467,Crudine Ridge Wind Farm (CRURWF1),Crudine Ridge Wind Farm,CRURWF1,NSW1,CRWF Nominees Pty Ltd As Trustee For The CRWF Trust,Wind,91.9,138.0,66.59,64.95,-32.97,149.64,Crudine Ridge Wind Farm
2026-09-28 08:10:00,2026-09-27T22:10:16.469845,Crudine Ridge Wind Farm (CRURWF1),Crudine Ridge Wind Farm,CRURWF1,NSW1,CRWF Nominees Pty Ltd As Trustee For The CRWF Trust,Wind,0.0,138.0,0.0,87.01,-32.97,149.64,Crudine Ridge Wind Farm
2026-09-28 10:45:00,2026-09-28T00:48:09.068651,Crudine Ridge Wind Farm (CRURWF1),Crudine Ridge Wind Farm,CRURWF1,NSW1,CRWF Nominees Pty Ltd As Trustee For The CRWF Trust,Wind,0.0,138.0,0.0,67.18,-32.97,149.64,Crudine Ridge Wind Farm
2026-09-28 15:55:00,2026-09-28T05:59:08.265666,Crudine Ridge Wind Farm (CRURWF1),Crudine Ridge Wind Farm,CRURWF1,NSW1,CRWF Nominees Pty Ltd As Trustee For The CRWF Trust,Wind,60.9,138.0,44.13,75.94,-32.97,149.64,Crudine Ridge Wind Farm
2026-09-28 23:40:00,2026-09-28T13:42:17.289472,Crudine Ridge Wind Farm (CRURWF1),Crudine Ridge Wind Farm,CRURWF1,NSW1,CRWF Nominees Pty Ltd As Trustee For The CRWF Trust,Wind,65.4,138.0,47.39,75.9601,-32.97,149.64,Crudine Ridge Wind Farm
2026-09-28 01:15:00,2026-09-27T15:16:55.965252,Cattle Hill Wind Farm (CTHLWF1),Cattle Hill Wind Farm,CTHLWF1,TAS1,Wild Cattle Hill Pty Ltd,Wind,19.14,144.0,13.29,43.15345,-42.15,146.69,Cattle Hill Wind Farm
2026-09-28 05:05:00,2026-09-27T19:04:49.605467,Cattle Hill Wind Farm (CTHLWF1),Cattle Hill Wind Farm,CTHLWF1,TAS1,Wild Cattle Hill Pty Ltd,Wind,17.2,144.0,11.94,58.24511,-42.15,146.69,Cattle Hill Wind Farm
2026-09-28 08:10:00,2026-09-27T22:10:16.469845,Cattle Hill Wind Farm (CTHLWF1),Cattle Hill Wind Farm,CTHLWF1,TAS1,Wild Cattle Hill Pty Ltd,Wind,6.02,144.0,4.18,11.09194,-42.15,146.69,Cattle Hill Wind Farm
2026-09-28 10:45:00,2026-09-28T00:48:09.068651,Cattle Hill Wind Farm (CTHLWF1),Cattle Hill Wind Farm,CTHLWF1,TAS1,Wild Cattle Hill Pty Ltd,Wind,0.0,144.0,0.0,-8.49821,-42.15,146.69,Cattle Hill Wind Farm
2026-09-28 15:55:00,2026-09-28T05:59:08.265666,Cattle Hill Wind Farm (CTHLWF1),Cattle Hill Wind Farm,CTHLWF1,TAS1,Wild Cattle Hill Pty Ltd,Wind,0.0,144.0,0.0,81.17533,-42.15,146.69,Cattle Hill Wind Farm
2026-09-28 23:40:00,2026-09-28T13:42:17.289472,Cattle Hill Wind Farm (CTHLWF1),Cattle Hill Wind Farm,CTHLWF1,TAS1,Wild Cattle Hill Pty Ltd,Wind,7.69,144.0,5.34,56.99499,-42.15,146.69,Cattle Hill Wind Farm
2026-09-28 01:15:00,2026-09-27T15:16:55.965252,Cullerin Range Wind Farm (CULLRGWF),Cullerin Range Wind Farm,CULLRGWF,NSW1,Cullerin Range Wind Farm Pty Ltd,Wind,21.32,30.0,71.07,76.15,-34.81,149.4,Cullerin Range Wind Farm
2026-09-28 05:05:00,2026-09-27T19:04:49.605467,Cullerin Range Wind Farm (CULLRGWF),Cullerin Range Wind Farm,CULLRGWF,NSW1,Cullerin Range Wind Farm Pty Ltd,Wind,20.85,30.0,69.5,64.95,-34.81,149.4,Cullerin Range Wind Farm
2026-09-28 08:10:00,2026-09-27T22:10:16.469845,Cullerin Range Wind Farm (CULLRGWF),Cullerin Range Wind Farm,CULLRGWF,NSW1,Cullerin Range Wind Farm Pty Ltd,Wind,19.77,30.0,65.9,87.01,-34.81,149.4,Cullerin Range Wind Farm
2026-09-28 10:45:00,2026-09-28T00:48:09.068651,Cullerin Range Wind Farm (CULLRGWF),Cullerin Range Wind Farm,CULLRGWF,NSW1,Cullerin Range Wind Farm Pty Ltd,Wind,7.96,30.0,26.53,67.18,-34.81,149.4,Cullerin Range Wind Farm
2026-09-28 15:55:00,2026-09-28T05:59:08.265666,Cullerin Range Wind Farm (CULLRGWF),Cullerin Range Wind Farm,CULLRGWF,NSW1,Cullerin Range Wind Farm Pty Ltd,Wind,3.42,30.0,11.4,75.94,-34.81,149.4,Cullerin Range Wind Farm
2026-09-28 23:40:00,2026-09-28T13:42:17.289472,Cullerin Range Wind Farm (CULLRGWF),Cullerin Range Wind Farm,CULLRGWF,NSW1,Cullerin Range Wind Farm Pty Ltd,Wind,4.78,30.0,15.93,75.9601,-34.81,149.4,Cullerin Range Wind Farm
2026-09-28 01:15:00,2026-09-27T15:16:55.965252,Diapur Wind Farm (DIAPURWF1),Diapur Wind Farm,DIAPURWF1,VIC1,Y.E.S. Energy (SA) Pty Ltd,Wind,7.3,7.0,104.29,23.58745,-36.3425,141.43,Diapur Wind Farm
2026-09-28 05:05:00,2026-09-27T19:04:49.605467,Diapur Wind Farm (DIAPURWF1),Diapur Wind Farm,DIAPURWF1,VIC1,Y.E.S. Energy (SA) Pty Ltd,Wind,7.3,7.0,104.29,55.80427,-36.3425,141.43,Diapur Wind Farm
2026-09-28 08:10:00,2026-09-27T22:10:16.469845,Diapur Wind Farm (DIAPURWF1),Diapur Wind Farm,DIAPURWF1,VIC1,Y.E.S. Energy (SA) Pty Ltd,Wind,7.3,7.0,104.29,10.5,-36.3425,141.43,Diapur Wind Farm
2026-09-28 10:45:00,2026-09-28T00:48:09.068651,Diapur Wind Farm (DIAPURWF1),Diapur Wind Farm,DIAPURWF1,VIC1,Y.E.S. Energy (SA) Pty Ltd,Wind,1.3,7.0,18.57,-8.0,-36.3425,141.43,Diapur Wind Farm
2026-09-28 15:55:00,2026-09-28T05:59:08.265666,Diapur Wind Farm (DIAPURWF1),Diapur Wind Farm,DIAPURWF1,VIC1,Y.E.S. Energy (SA) Pty Ltd,Wind,0.8,7.0,11.43,77.26144,-36.3425,141.43,Diapur Wind Farm
2026-09-28 23:40:00,2026-09-28T13:42:17.289472,Diapur Wind Farm (DIAPURWF1),Diapur Wind Farm,DIAPURWF1,VIC1,Y.E.S. Energy (SA) Pty Ltd,Wind,7.3,7.0,104.29,66.18985,-36.3425,141.43,Diapur Wind Farm
2026-09-28 01:15:00,2026-09-27T15:16:55.965252,Dulacca Wind Farm (DULAWF1),Dulacca Wind Farm,DULAWF1,QLD1,Dulacca Energy Project Co Pty Ltd,Wind,141.7,173.0,81.91,71.52468,-26.63,149.87,Dulacca Wind Farm
2026-09-28 05:05:00,2026-09-27T19:04:49.605467,Dulacca Wind Farm (DULAWF1),Dulacca Wind Farm,DULAWF1,QLD1,Dulacca Energy Project Co Pty Ltd,Wind,123.3,173.0,71.27,61.44757,-26.63,149.87,Dulacca Wind Farm
2026-09-28 08:10:00,2026-09-27T22:10:16.469845,Dulacca Wind Farm (DULAWF1),Dulacca Wind Farm,DULAWF1,QLD1,Dulacca Energy Project Co Pty Ltd,Wind,65.0,173.0,37.57,82.4377,-26.63,149.87,Dulacca Wind Farm
2026-09-28 10:45:00,2026-09-28T00:48:09.068651,Dulacca Wind Farm (DULAWF1),Dulacca Wind Farm,DULAWF1,QLD1,Dulacca Energy Project Co Pty Ltd,Wind,1.0,173.0,0.58,62.82862,-26.63,149.87,Dulacca Wind Farm
2026-09-28 15:55:00,2026-09-28T05:59:08.265666,Dulacca Wind Farm (DULAWF1),Dulacca Wind Farm,DULAWF1,QLD1,Dulacca Energy Project Co Pty Ltd,Wind,6.1,173.0,3.53,71.67674,-26.63,149.87,Dulacca Wind Farm
2026-09-28 23:40:00,2026-09-28T13:42:17.289472,Dulacca Wind Farm (DULAWF1),Dulacca Wind Farm,DULAWF1,QLD1,Dulacca Energy Project Co Pty Ltd,Wind,171.4,173.0,99.08,69.15201,-26.63,149.87,Dulacca Wind Farm
2026-09-28 01:15:00,2026-09-27T15:16:55.965252,Dundonnell Wind Farm (DUNDWF1),Dundonnell Wind Farm,DUNDWF1,VIC1,Dundonnell Wind Farm Pty Ltd,Wind,84.08,168.0,50.05,23.58745,-37.52,142.58,Dundonnell Wind Farm
2026-09-28 05:05:00,2026-09-27T19:04:49.605467,Dundonnell Wind Farm (DUNDWF1),Dundonnell Wind Farm,DUNDWF1,VIC1,Dundonnell Wind Farm Pty Ltd,Wind,83.92,168.0,49.95,55.80427,-37.52,142.58,Dundonnell Wind Farm
2026-09-28 08:10:00,2026-09-27T22:10:16.469845,Dundonnell Wind Farm (DUNDWF1),Dundonnell Wind Farm,DUNDWF1,VIC1,Dundonnell Wind Farm Pty Ltd,Wind,47.14,168.0,28.06,10.5,-37.52,142.58,Dundonnell Wind Farm
2026-09-28 10:45:00,2026-09-28T00:48:09.068651,Dundonnell Wind Farm (DUNDWF1),Dundonnell Wind Farm,DUNDWF1,VIC1,Dundonnell Wind Farm Pty Ltd,Wind,0.42,168.0,0.25,-8.0,-37.52,142.58,Dundonnell Wind Farm
2026-09-28 15:55:00,2026-09-28T05:59:08.265666,Dundonnell Wind Farm (DUNDWF1),Dundonnell Wind Farm,DUNDWF1,VIC1,Dundonnell Wind Farm Pty Ltd,Wind,0.0,168.0,0.0,77.26144,-37.52,142.58,Dundonnell Wind Farm
2026-09-28 23:40:00,2026-09-28T13:42:17.289472,Dundonnell Wind Farm (DUNDWF1),Dundonnell Wind Farm,DUNDWF1,VIC1,Dundonnell Wind Farm Pty Ltd,Wind,84.09,168.0,50.05,66.18985,-37.52,142.58,Dundonnell Wind Farm
2026-09-28 01:15:00,2026-09-27T15:16:55.965252,Dundonnell Wind Farm (DUNDWF2),Dundonnell Wind Farm,DUNDWF2,VIC1,Dundonnell Wind Farm Pty Ltd,Wind,23.07,46.0,50.15,23.58745,-37.52,142.58,Dundonnell Wind Farm
2026-09-28 05:05:00,2026-09-27T19:04:49.605467,Dundonnell Wind Farm (DUNDWF2),Dundonnell Wind Farm,DUNDWF2,VIC1,Dundonnell Wind Farm Pty Ltd,Wind,23.16,46.0,50.35,55.80427,-37.52,142.58,Dundonnell Wind Farm
2026-09-28 08:10:00,2026-09-27T22:10:16.469845,Dundonnell Wind Farm (DUNDWF2),Dundonnell Wind Farm,DUNDWF2,VIC1,Dundonnell Wind Farm Pty Ltd,Wind,13.57,46.0,29.5,10.5,-37.52,142.58,Dundonnell Wind Farm
2026-09-28 10:45:00,2026-09-28T00:48:09.068651,Dundonnell Wind Farm (DUNDWF2),Dundonnell Wind Farm,DUNDWF2,VIC1,Dundonnell Wind Farm Pty Ltd,Wind,3.99,46.0,8.67,-8.0,-37.52,142.58,Dundonnell Wind Farm
2026-09-28 15:55:00,2026-09-28T05:59:08.265666,Dundonnell Wind Farm (DUNDWF2),Dundonnell Wind Farm,DUNDWF2,VIC1,Dundonnell Wind Farm Pty Ltd,Wind,0.0,46.0,0.0,77.26144,-37.52,142.58,Dundonnell Wind Farm
2026-09-28 23:40:00,2026-09-28T13:42:17.289472,Dundonnell Wind Farm (DUNDWF2),Dundonnell Wind Farm,DUNDWF2,VIC1,Dundonnell Wind Farm Pty Ltd,Wind,23.12,46.0,50.26,66.18985,-37.52,142.58,Dundonnell Wind Farm
2026-09-28 01:15:00,2026-09-27T15:16:55.965252,Dundonnell Wind Farm (DUNDWF3),Dundonnell Wind Farm,DUNDWF3,VIC1,Dundonnell Wind Farm Pty Ltd,Wind,49.77,122.0,40.8,23.58745,-37.52,142.58,Dundonnell Wind Farm
2026-09-28 05:05:00,2026-09-27T19:04:49.605467,Dundonnell Wind Farm (DUNDWF3),Dundonnell Wind Farm,DUNDWF3,VIC1,Dundonnell Wind Farm Pty Ltd,Wind,60.9,122.0,49.92,55.80427,-37.52,142.58,Dundonnell Wind Farm
2026-09-28 08:10:00,2026-09-27T22:10:16.469845,Dundonnell Wind Farm (DUNDWF3),Dundonnell Wind Farm,DUNDWF3,VIC1,Dundonnell Wind Farm Pty Ltd,Wind,32.27,122.0,26.45,10.5,-37.52,142.58,Dundonnell Wind Farm
2026-09-28 10:45:00,2026-09-28T00:48:09.068651,Dundonnell Wind Farm (DUNDWF3),Dundonnell Wind Farm,DUNDWF3,VIC1,Dundonnell Wind Farm Pty Ltd,Wind,11.69,122.0,9.58,-8.0,-37.52,142.58,Dundonnell Wind Farm
2026-09-28 15:55:00,2026-09-28T05:59:08.265666,Dundonnell Wind Farm (DUNDWF3),Dundonnell Wind Farm,DUNDWF3,VIC1,Dundonnell Wind Farm Pty Ltd,Wind,0.0,122.0,0.0,77.26144,-37.52,142.58,Dundonnell Wind Farm
2026-09-28 23:40:00,2026-09-28T13:42:17.289472,Dundonnell Wind Farm (DUNDWF3),Dundonnell Wind Farm,DUNDWF3,VIC1,Dundonnell Wind Farm Pty Ltd,Wind,60.9,122.0,49.92,66.18985,-37.52,142.58,Dundonnell Wind Farm
2026-09-28 01:15:00,2026-09-27T15:16:55.965252,Elaine Wind Farm (ELAINWF1),Elaine Wind Farm,ELAINWF1,VIC1,Lal Lal Wind Farms Nom Co Pty Ltd,Wind,32.3,82.0,39.39,23.58745,-37.36,144.0,Elaine Wind Farm
2026-09-28 05:05:00,2026-09-27T19:04:49.605467,Elaine Wind Farm (ELAINWF1),Elaine Wind Farm,ELAINWF1,VIC1,Lal Lal Wind Farms Nom Co Pty Ltd,Wind,17.94,82.0,21.88,55.80427,-37.36,144.0,Elaine Wind Farm
2026-09-28 08:10:00,2026-09-27T22:10:16.469845,Elaine Wind Farm (ELAINWF1),Elaine Wind Farm,ELAINWF1,VIC1,Lal Lal Wind Farms Nom Co Pty Ltd,Wind,14.94,82.0,18.22,10.5,-37.36,144.0,Elaine Wind Farm
2026-09-28 10:45:00,2026-09-28T00:48:09.068651,Elaine Wind Farm (ELAINWF1),Elaine Wind Farm,ELAINWF1,VIC1,Lal Lal Wind Farms Nom Co Pty Ltd,Wind,0.15,82.0,0.18,-8.0,-37.36,144.0,Elaine Wind Farm
2026-09-28 15:55:00,2026-09-28T05:59:08.265666,Elaine Wind Farm (ELAINWF1),Elaine Wind Farm,ELAINWF1,VIC1,Lal Lal Wind Farms Nom Co Pty Ltd,Wind,2.52,82.0,3.07,77.26144,-37.36,144.0,Elaine Wind Farm
2026-09-28 23:40:00,2026-09-28T13:42:17.289472,Elaine Wind Farm (ELAINWF1),Elaine Wind Farm,ELAINWF1,VIC1,Lal Lal Wind Farms Nom Co Pty Ltd,Wind,14.71,82.0,17.94,66.18985,-37.36,144.0,Elaine Wind Farm
2026-09-28 01:15:00,2026-09-27T15:16:55.965252,Flyers Creek Wind Farm (FLYCRKWF),Flyers Creek Wind Farm,FLYCRKWF,NSW1,Iberdrola Australia Energy Markets Pty Limited,Wind,117.31,140.0,83.79,76.15,-33.365556,148.981944,Flyers Creek Wind Farm
2026-09-28 05:05:00,2026-09-27T19:04:49.605467,Flyers Creek Wind Farm (FLYCRKWF),Flyers Creek Wind Farm,FLYCRKWF,NSW1,Iberdrola Australia Energy Markets Pty Limited,Wind,114.16,140.0,81.54,64.95,-33.365556,148.981944,Flyers Creek Wind Farm
2026-09-28 08:10:00,2026-09-27T22:10:16.469845,Flyers Creek Wind Farm (FLYCRKWF),Flyers Creek Wind Farm,FLYCRKWF,NSW1,Iberdrola Australia Energy Markets Pty Limited,Wind,122.54,140.0,87.53,87.01,-33.365556,148.981944,Flyers Creek Wind Farm
2026-09-28 10:45:00,2026-09-28T00:48:09.068651,Flyers Creek Wind Farm (FLYCRKWF),Flyers Creek Wind Farm,FLYCRKWF,NSW1,Iberdrola Australia Energy Markets Pty Limited,Wind,92.08,140.0,65.77,67.18,-33.365556,148.981944,Flyers Creek Wind Farm
2026-09-28 15:55:00,2026-09-28T05:59:08.265666,Flyers Creek Wind Farm (FLYCRKWF),Flyers Creek Wind Farm,FLYCRKWF,NSW1,Iberdrola Australia Energy Markets Pty Limited,Wind,41.38,140.0,29.56,75.94,-33.365556,148.981944,Flyers Creek Wind Farm
2026-09-28 23:40:00,2026-09-28T13:42:17.289472,Flyers Creek Wind Farm (FLYCRKWF),Flyers Creek Wind Farm,FLYCRKWF,NSW1,Iberdrola Australia Energy Markets Pty Limited,Wind,108.85,140.0,77.75,75.9601,-33.365556,148.981944,Flyers Creek Wind Farm
2026-09-28 01:15:00,2026-09-27T15:16:55.965252,Golden Plains Wind Farm East (GPWFEST1),Golden Plains Wind Farm East,GPWFEST1,VIC1,Golden Plains WF1 Pty Ltd as Trustee for the Golden Plains WF1 Unit Trust,Wind,64.07,240.0,26.7,23.58745,-37.945091,143.752614,Golden Plains Wind Farm East
2026-09-28 05:05:00,2026-09-27T19:04:49.605467,Golden Plains Wind Farm East (GPWFEST1),Golden Plains Wind Farm East,GPWFEST1,VIC1,Golden Plains WF1 Pty Ltd as Trustee for the Golden Plains WF1 Unit Trust,Wind,68.82,240.0,28.67,55.80427,-37.945091,143.752614,Golden Plains Wind Farm East
2026-09-28 08:10:00,2026-09-27T22:10:16.469845,Golden Plains Wind Farm East (GPWFEST1),Golden Plains Wind Farm East,GPWFEST1,VIC1,Golden Plains WF1 Pty Ltd as Trustee for the Golden Plains WF1 Unit Trust,Wind,15.34,240.0,6.39,10.5,-37.945091,143.752614,Golden Plains Wind Farm East
2026-09-28 10:45:00,2026-09-28T00:48:09.068651,Golden Plains Wind Farm East (GPWFEST1),Golden Plains Wind Farm East,GPWFEST1,VIC1,Golden Plains WF1 Pty Ltd as Trustee for the Golden Plains WF1 Unit Trust,Wind,0.03,240.0,0.01,-8.0,-37.945091,143.752614,Golden Plains Wind Farm East
2026-09-28 15:55:00,2026-09-28T05:59:08.265666,Golden Plains Wind Farm East (GPWFEST1),Golden Plains Wind Farm East,GPWFEST1,VIC1,Golden Plains WF1 Pty Ltd as Trustee for the Golden Plains WF1 Unit Trust,Wind,54.87,240.0,22.86,77.26144,-37.945091,143.752614,Golden Plains Wind Farm East
2026-09-28 23:40:00,2026-09-28T13:42:17.289472,Golden Plains Wind Farm East (GPWFEST1),Golden Plains Wind Farm East,GPWFEST1,VIC1,Golden Plains WF1 Pty Ltd as Trustee for the Golden Plains WF1 Unit Trust,Wind,29.08,240.0,12.12,66.18985,-37.945091,143.752614,Golden Plains Wind Farm East
2026-09-28 01:15:00,2026-09-27T15:16:55.965252,Golden Plains Wind Farm East (GPWFEST2),Golden Plains Wind Farm East,GPWFEST2,VIC1,Golden Plains WF1 Pty Ltd as Trustee for the Golden Plains WF1 Unit Trust,Wind,60.18,253.0,23.79,23.58745,-37.945091,143.752614,Golden Plains Wind Farm East
2026-09-28 05:05:00,2026-09-27T19:04:49.605467,Golden Plains Wind Farm East (GPWFEST2),Golden Plains Wind Farm East,GPWFEST2,VIC1,Golden Plains WF1 Pty Ltd as Trustee for the Golden Plains WF1 Unit Trust,Wind,48.78,253.0,19.28,55.80427,-37.945091,143.752614,Golden Plains Wind Farm East
2026-09-28 08:10:00,2026-09-27T22:10:16.469845,Golden Plains Wind Farm East (GPWFEST2),Golden Plains Wind Farm East,GPWFEST2,VIC1,Golden Plains WF1 Pty Ltd as Trustee for the Golden Plains WF1 Unit Trust,Wind,16.27,253.0,6.43,10.5,-37.945091,143.752614,Golden Plains Wind Farm East
2026-09-28 10:45:00,2026-09-28T00:48:09.068651,Golden Plains Wind Farm East (GPWFEST2),Golden Plains Wind Farm East,GPWFEST2,VIC1,Golden Plains WF1 Pty Ltd as Trustee for the Golden Plains WF1 Unit Trust,Wind,0.44,253.0,0.17,-8.0,-37.945091,143.752614,Golden Plains Wind Farm East
2026-09-28 15:55:00,2026-09-28T05:59:08.265666,Golden Plains Wind Farm East (GPWFEST2),Golden Plains Wind Farm East,GPWFEST2,VIC1,Golden Plains WF1 Pty Ltd as Trustee for the Golden Plains WF1 Unit Trust,Wind,44.8,253.0,17.71,77.26144,-37.945091,143.752614,Golden Plains Wind Farm East
2026-09-28 23:40:00,2026-09-28T13:42:17.289472,Golden Plains Wind Farm East (GPWFEST2),Golden Plains Wind Farm East,GPWFEST2,VIC1,Golden Plains WF1 Pty Ltd as Trustee for the Golden Plains WF1 Unit Trust,Wind,41.71,253.0,16.49,66.18985,-37.945091,143.752614,Golden Plains Wind Farm East
2026-09-28 01:15:00,2026-09-27T15:16:55.965252,Golden Plains Wind Farm East (GPWFEST3),Golden Plains Wind Farm East,GPWFEST3,VIC1,Golden Plains WF1 Pty Ltd as Trustee for the Golden Plains WF1 Unit Trust,Wind,37.0,240.0,15.42,23.58745,-37.945091,143.752614,Golden Plains Wind Farm East
2026-09-28 05:05:00,2026-09-27T19:04:49.605467,Golden Plains Wind Farm East (GPWFEST3),Golden Plains Wind Farm East,GPWFEST3,VIC1,Golden Plains WF1 Pty Ltd as Trustee for the Golden Plains WF1 Unit Trust,Wind,40.78,240.0,16.99,55.80427,-37.945091,143.752614,Golden Plains Wind Farm East
2026-09-28 08:10:00,2026-09-27T22:10:16.469845,Golden Plains Wind Farm East (GPWFEST3),Golden Plains Wind Farm East,GPWFEST3,VIC1,Golden Plains WF1 Pty Ltd as Trustee for the Golden Plains WF1 Unit Trust,Wind,52.56,240.0,21.9,10.5,-37.945091,143.752614,Golden Plains Wind Farm East
2026-09-28 10:45:00,2026-09-28T00:48:09.068651,Golden Plains Wind Farm East (GPWFEST3),Golden Plains Wind Farm East,GPWFEST3,VIC1,Golden Plains WF1 Pty Ltd as Trustee for the Golden Plains WF1 Unit Trust,Wind,31.81,240.0,13.25,-8.0,-37.945091,143.752614,Golden Plains Wind Farm East
2026-09-28 15:55:00,2026-09-28T05:59:08.265666,Golden Plains Wind Farm East (GPWFEST3),Golden Plains Wind Farm East,GPWFEST3,VIC1,Golden Plains WF1 Pty Ltd as Trustee for the Golden Plains WF1 Unit Trust,Wind,21.14,240.0,8.81,77.26144,-37.945091,143.752614,Golden Plains Wind Farm East
2026-09-28 23:40:00,2026-09-28T13:42:17.289472,Golden Plains Wind Farm East (GPWFEST3),Golden Plains Wind Farm East,GPWFEST3,VIC1,Golden Plains WF1 Pty Ltd as Trustee for the Golden Plains WF1 Unit Trust,Wind,32.28,240.0,13.45,66.18985,-37.945091,143.752614,Golden Plains Wind Farm East
2026-09-28 01:15:00,2026-09-27T15:16:55.965252,Granville Harbour Wind Farm (GRANWF1),Granville Harbour Wind Farm,GRANWF1,TAS1,Granville Harbour Operations Pty Ltd as The Trustee for Granville Harbour Operations Trust,Wind,12.19,111.0,10.98,43.15345,-41.8,145.06,Granville Harbour Wind Farm
2026-09-28 05:05:00,2026-09-27T19:04:49.605467,Granville Harbour Wind Farm (GRANWF1),Granville Harbour Wind Farm,GRANWF1,TAS1,Granville Harbour Operations Pty Ltd as The Trustee for Granville Harbour Operations Trust,Wind,4.14,111.0,3.73,58.24511,-41.8,145.06,Granville Harbour Wind Farm
2026-09-28 08:10:00,2026-09-27T22:10:16.469845,Granville Harbour Wind Farm (GRANWF1),Granville Harbour Wind Farm,GRANWF1,TAS1,Granville Harbour Operations Pty Ltd as The Trustee for Granville Harbour Operations Trust,Wind,0.12,111.0,0.11,11.09194,-41.8,145.06,Granville Harbour Wind Farm
2026-09-28 10:45:00,2026-09-28T00:48:09.068651,Granville Harbour Wind Farm (GRANWF1),Granville Harbour Wind Farm,GRANWF1,TAS1,Granville Harbour Operations Pty Ltd as The Trustee for Granville Harbour Operations Trust,Wind,24.54,111.0,22.11,-8.49821,-41.8,145.06,Granville Harbour Wind Farm
2026-09-28 15:55:00,2026-09-28T05:59:08.265666,Granville Harbour Wind Farm (GRANWF1),Granville Harbour Wind Farm,GRANWF1,TAS1,Granville Harbour Operations Pty Ltd as The Trustee for Granville Harbour Operations Trust,Wind,24.33,111.0,21.92,81.17533,-41.8,145.06,Granville Harbour Wind Farm
2026-09-28 23:40:00,2026-09-28T13:42:17.289472,Granville Harbour Wind Farm (GRANWF1),Granville Harbour Wind Farm,GRANWF1,TAS1,Granville Harbour Operations Pty Ltd as The Trustee for Granville Harbour Operations Trust,Wind,66.84,111.0,60.22,56.99499,-41.8,145.06,Granville Harbour Wind Farm
2026-09-28 01:15:00,2026-09-27T15:16:55.965252,Goyder South Wind Farm 1A (GSWF1A),Goyder South Wind Farm 1A,GSWF1A,SA1,Goyder Wind Farm 1 Pty Ltd as the Trustee for Goyder Wind Farm 1 Trust,Wind,141.74,201.0,70.52,43.34,-33.679758,138.937597,Goyder South Wind Farm 1A
2026-09-28 05:05:00,2026-09-27T19:04:49.605467,Goyder South Wind Farm 1A (GSWF1A),Goyder South Wind Farm 1A,GSWF1A,SA1,Goyder Wind Farm 1 Pty Ltd as the Trustee for Goyder Wind Farm 1 Trust,Wind,144.79,201.0,72.03,48.77983,-33.679758,138.937597,Goyder South Wind Farm 1A
2026-09-28 08:10:00,2026-09-27T22:10:16.469845,Goyder South Wind Farm 1A (GSWF1A),Goyder South Wind Farm 1A,GSWF1A,SA1,Goyder Wind Farm 1 Pty Ltd as the Trustee for Goyder Wind Farm 1 Trust,Wind,91.43,201.0,45.49,190.0,-33.679758,138.937597,Goyder South Wind Farm 1A
2026-09-28 10:45:00,2026-09-28T00:48:09.068651,Goyder South Wind Farm 1A (GSWF1A),Goyder South Wind Farm 1A,GSWF1A,SA1,Goyder Wind Farm 1 Pty Ltd as the Trustee for Goyder Wind Farm 1 Trust,Wind,77.84,201.0,38.73,-8.85295,-33.679758,138.937597,Goyder South Wind Farm 1A
2026-09-28 15:55:00,2026-09-28T05:59:08.265666,Goyder South Wind Farm 1A (GSWF1A),Goyder South Wind Farm 1A,GSWF1A,SA1,Goyder Wind Farm 1 Pty Ltd as the Trustee for Goyder Wind Farm 1 Trust,Wind,44.02,201.0,21.9,74.62433,-33.679758,138.937597,Goyder South Wind Farm 1A
2026-09-28 23:40:00,2026-09-28T13:42:17.289472,Goyder South Wind Farm 1A (GSWF1A),Goyder South Wind Farm 1A,GSWF1A,SA1,Goyder Wind Farm 1 Pty Ltd as the Trustee for Goyder Wind Farm 1 Trust,Wind,149.61,201.0,74.43,58.56284,-33.679758,138.937597,Goyder South Wind Farm 1A
2026-09-28 01:15:00,2026-09-27T15:16:55.965252,Goyder South Wind Farm 1B (GSWF1B1),Goyder South Wind Farm 1B,GSWF1B1,SA1,Goyder Wind Farm 1B Pty Ltd as the Trustee for the Goyder Wind Farm 1B Trust,Wind,92.14,196.0,47.01,43.34,-33.679758,138.937597,Goyder South Wind Farm 1B
2026-09-28 05:05:00,2026-09-27T19:04:49.605467,Goyder South Wind Farm 1B (GSWF1B1),Goyder South Wind Farm 1B,GSWF1B1,SA1,Goyder Wind Farm 1B Pty Ltd as the Trustee for the Goyder Wind Farm 1B Trust,Wind,78.19,196.0,39.89,48.77983,-33.679758,138.937597,Goyder South Wind Farm 1B
2026-09-28 08:10:00,2026-09-27T22:10:16.469845,Goyder South Wind Farm 1B (GSWF1B1),Goyder South Wind Farm 1B,GSWF1B1,SA1,Goyder Wind Farm 1B Pty Ltd as the Trustee for the Goyder Wind Farm 1B Trust,Wind,39.57,196.0,20.19,190.0,-33.679758,138.937597,Goyder South Wind Farm 1B
2026-09-28 10:45:00,2026-09-28T00:48:09.068651,Goyder South Wind Farm 1B (GSWF1B1),Goyder South Wind Farm 1B,GSWF1B1,SA1,Goyder Wind Farm 1B Pty Ltd as the Trustee for the Goyder Wind Farm 1B Trust,Wind,0.46,196.0,0.23,-8.85295,-33.679758,138.937597,Goyder South Wind Farm 1B
2026-09-28 15:55:00,2026-09-28T05:59:08.265666,Goyder South Wind Farm 1B (GSWF1B1),Goyder South Wind Farm 1B,GSWF1B1,SA1,Goyder Wind Farm 1B Pty Ltd as the Trustee for the Goyder Wind Farm 1B Trust,Wind,25.07,196.0,12.79,74.62433,-33.679758,138.937597,Goyder South Wind Farm 1B
2026-09-28 23:40:00,2026-09-28T13:42:17.289472,Goyder South Wind Farm 1B (GSWF1B1),Goyder South Wind Farm 1B,GSWF1B1,SA1,Goyder Wind Farm 1B Pty Ltd as the Trustee for the Goyder Wind Farm 1B Trust,Wind,139.11,196.0,70.97,58.56284,-33.679758,138.937597,Goyder South Wind Farm 1B
2026-09-28 01:15:00,2026-09-27T15:16:55.965252,Gullen Range Wind Farm (GULLRWF1),Gullen Range Wind Farm,GULLRWF1,NSW1,New Gullen Range Wind Farm Pty Ltd,Wind,67.24,161.0,41.76,76.15,-34.34,149.27,Gullen Range Wind Farm
2026-09-28 05:05:00,2026-09-27T19:04:49.605467,Gullen Range Wind Farm (GULLRWF1),Gullen Range Wind Farm,GULLRWF1,NSW1,New Gullen Range Wind Farm Pty Ltd,Wind,66.92,161.0,41.57,64.95,-34.34,149.27,Gullen Range Wind Farm
2026-09-28 08:10:00,2026-09-27T22:10:16.469845,Gullen Range Wind Farm (GULLRWF1),Gullen Range Wind Farm,GULLRWF1,NSW1,New Gullen Range Wind Farm Pty Ltd,Wind,58.56,161.0,36.37,87.01,-34.34,149.27,Gullen Range Wind Farm
2026-09-28 10:45:00,2026-09-28T00:48:09.068651,Gullen Range Wind Farm (GULLRWF1),Gullen Range Wind Farm,GULLRWF1,NSW1,New Gullen Range Wind Farm Pty Ltd,Wind,39.36,161.0,24.45,67.18,-34.34,149.27,Gullen Range Wind Farm
2026-09-28 15:55:00,2026-09-28T05:59:08.265666,Gullen Range Wind Farm (GULLRWF1),Gullen Range Wind Farm,GULLRWF1,NSW1,New Gullen Range Wind Farm Pty Ltd,Wind,12.7,161.0,7.89,75.94,-34.34,149.27,Gullen Range Wind Farm
2026-09-28 23:40:00,2026-09-28T13:42:17.289472,Gullen Range Wind Farm (GULLRWF1),Gullen Range Wind Farm,GULLRWF1,NSW1,New Gullen Range Wind Farm Pty Ltd,Wind,30.95,161.0,19.22,75.9601,-34.34,149.27,Gullen Range Wind Farm
2026-09-28 01:15:00,2026-09-27T15:16:55.965252,Gullen Range Wind Farm (GULLRWF2),Gullen Range Wind Farm,GULLRWF2,NSW1,New Gullen Range Wind Farm Pty Ltd,Wind,101.72,107.0,95.07,76.15,-34.34,149.27,Gullen Range Wind Farm
2026-09-28 05:05:00,2026-09-27T19:04:49.605467,Gullen Range Wind Farm (GULLRWF2),Gullen Range Wind Farm,GULLRWF2,NSW1,New Gullen Range Wind Farm Pty Ltd,Wind,99.57,107.0,93.06,64.95,-34.34,149.27,Gullen Range Wind Farm
2026-09-28 08:10:00,2026-09-27T22:10:16.469845,Gullen Range Wind Farm (GULLRWF2),Gullen Range Wind Farm,GULLRWF2,NSW1,New Gullen Range Wind Farm Pty Ltd,Wind,91.79,107.0,85.79,87.01,-34.34,149.27,Gullen Range Wind Farm
2026-09-28 10:45:00,2026-09-28T00:48:09.068651,Gullen Range Wind Farm (GULLRWF2),Gullen Range Wind Farm,GULLRWF2,NSW1,New Gullen Range Wind Farm Pty Ltd,Wind,60.58,107.0,56.62,67.18,-34.34,149.27,Gullen Range Wind Farm
2026-09-28 15:55:00,2026-09-28T05:59:08.265666,Gullen Range Wind Farm (GULLRWF2),Gullen Range Wind Farm,GULLRWF2,NSW1,New Gullen Range Wind Farm Pty Ltd,Wind,24.41,107.0,22.81,75.94,-34.34,149.27,Gullen Range Wind Farm
2026-09-28 23:40:00,2026-09-28T13:42:17.289472,Gullen Range Wind Farm (GULLRWF2),Gullen Range Wind Farm,GULLRWF2,NSW1,New Gullen Range Wind Farm Pty Ltd,Wind,34.53,107.0,32.27,75.9601,-34.34,149.27,Gullen Range Wind Farm
2026-09-28 01:15:00,2026-09-27T15:16:55.965252,Gunning Wind Farm (GUNNING1),Gunning Wind Farm,GUNNING1,NSW1,Gunning Wind Energy Developments Pty Ltd,Wind,39.16,47.0,83.32,76.15,-34.813333,149.4,Gunning Wind Farm
2026-09-28 05:05:00,2026-09-27T19:04:49.605467,Gunning Wind Farm (GUNNING1),Gunning Wind Farm,GUNNING1,NSW1,Gunning Wind Energy Developments Pty Ltd,Wind,37.03,47.0,78.79,64.95,-34.813333,149.4,Gunning Wind Farm
2026-09-28 08:10:00,2026-09-27T22:10:16.469845,Gunning Wind Farm (GUNNING1),Gunning Wind Farm,GUNNING1,NSW1,Gunning Wind Energy Developments Pty Ltd,Wind,35.47,47.0,75.47,87.01,-34.813333,149.4,Gunning Wind Farm
2026-09-28 10:45:00,2026-09-28T00:48:09.068651,Gunning Wind Farm (GUNNING1),Gunning Wind Farm,GUNNING1,NSW1,Gunning Wind Energy Developments Pty Ltd,Wind,17.28,47.0,36.77,67.18,-34.813333,149.4,Gunning Wind Farm
2026-09-28 15:55:00,2026-09-28T05:59:08.265666,Gunning Wind Farm (GUNNING1),Gunning Wind Farm,GUNNING1,NSW1,Gunning Wind Energy Developments Pty Ltd,Wind,8.92,47.0,18.98,75.94,-34.813333,149.4,Gunning Wind Farm
2026-09-28 23:40:00,2026-09-28T13:42:17.289472,Gunning Wind Farm (GUNNING1),Gunning Wind Farm,GUNNING1,NSW1,Gunning Wind Energy Developments Pty Ltd,Wind,10.9,47.0,23.19,75.9601,-34.813333,149.4,Gunning Wind Farm
2026-09-28 01:15:00,2026-09-27T15:16:55.965252,Hallett 1 Wind Farm (HALLWF1),Hallett 1 Wind Farm,HALLWF1,SA1,AGL SA Generation Pty Limited,Wind,74.85,95.0,78.79,43.34,-33.367778,138.728611,Hallett 1 Wind Farm
2026-09-28 05:05:00,2026-09-27T19:04:49.605467,Hallett 1 Wind Farm (HALLWF1),Hallett 1 Wind Farm,HALLWF1,SA1,AGL SA Generation Pty Limited,Wind,76.12,95.0,80.13,48.77983,-33.367778,138.728611,Hallett 1 Wind Farm
2026-09-28 08:10:00,2026-09-27T22:10:16.469845,Hallett 1 Wind Farm (HALLWF1),Hallett 1 Wind Farm,HALLWF1,SA1,AGL SA Generation Pty Limited,Wind,59.86,95.0,63.01,190.0,-33.367778,138.728611,Hallett 1 Wind Farm
2026-09-28 10:45:00,2026-09-28T00:48:09.068651,Hallett 1 Wind Farm (HALLWF1),Hallett 1 Wind Farm,HALLWF1,SA1,AGL SA Generation Pty Limited,Wind,0.0,95.0,0.0,-8.85295,-33.367778,138.728611,Hallett 1 Wind Farm
2026-09-28 15:55:00,2026-09-28T05:59:08.265666,Hallett 1 Wind Farm (HALLWF1),Hallett 1 Wind Farm,HALLWF1,SA1,AGL SA Generation Pty Limited,Wind,4.86,95.0,5.12,74.62433,-33.367778,138.728611,Hallett 1 Wind Farm
2026-09-28 23:40:00,2026-09-28T13:42:17.289472,Hallett 1 Wind Farm (HALLWF1),Hallett 1 Wind Farm,HALLWF1,SA1,AGL SA Generation Pty Limited,Wind,77.85,95.0,81.95,58.56284,-33.367778,138.728611,Hallett 1 Wind Farm
2026-09-28 01:15:00,2026-09-27T15:16:55.965252,Hallett 2 Wind Farm (HALLWF2),Hallett 2 Wind Farm,HALLWF2,SA1,AGL SA Generation Pty Limited,Wind,58.0,71.0,81.69,43.34,-33.367778,138.728611,Hallett 2 Wind Farm
2026-09-28 05:05:00,2026-09-27T19:04:49.605467,Hallett 2 Wind Farm (HALLWF2),Hallett 2 Wind Farm,HALLWF2,SA1,AGL SA Generation Pty Limited,Wind,57.67,71.0,81.23,48.77983,-33.367778,138.728611,Hallett 2 Wind Farm
2026-09-28 08:10:00,2026-09-27T22:10:16.469845,Hallett 2 Wind Farm (HALLWF2),Hallett 2 Wind Farm,HALLWF2,SA1,AGL SA Generation Pty Limited,Wind,38.28,71.0,53.92,190.0,-33.367778,138.728611,Hallett 2 Wind Farm
2026-09-28 10:45:00,2026-09-28T00:48:09.068651,Hallett 2 Wind Farm (HALLWF2),Hallett 2 Wind Farm,HALLWF2,SA1,AGL SA Generation Pty Limited,Wind,0.0,71.0,0.0,-8.85295,-33.367778,138.728611,Hallett 2 Wind Farm
2026-09-28 15:55:00,2026-09-28T05:59:08.265666,Hallett 2 Wind Farm (HALLWF2),Hallett 2 Wind Farm,HALLWF2,SA1,AGL SA Generation Pty Limited,Wind,8.88,71.0,12.51,74.62433,-33.367778,138.728611,Hallett 2 Wind Farm
2026-09-28 23:40:00,2026-09-28T13:42:17.289472,Hallett 2 Wind Farm (HALLWF2),Hallett 2 Wind Farm,HALLWF2,SA1,AGL SA Generation Pty Limited,Wind,47.74,71.0,67.24,58.56284,-33.367778,138.728611,Hallett 2 Wind Farm
2026-09-28 01:15:00,2026-09-27T15:16:55.965252,Hawkesdale Wind Farm (HD1WF1),Hawkesdale Wind Farm,HD1WF1,VIC1,Hawkesdale Asset Pty Ltd as trustee for Hawkesdale Asset Trust,Wind,56.97,89.0,64.01,23.58745,-38.147894,142.361381,Hawkesdale Wind Farm
2026-09-28 05:05:00,2026-09-27T19:04:49.605467,Hawkesdale Wind Farm (HD1WF1),Hawkesdale Wind Farm,HD1WF1,VIC1,Hawkesdale Asset Pty Ltd as trustee for Hawkesdale Asset Trust,Wind,54.45,89.0,61.18,55.80427,-38.147894,142.361381,Hawkesdale Wind Farm
2026-09-28 08:10:00,2026-09-27T22:10:16.469845,Hawkesdale Wind Farm (HD1WF1),Hawkesdale Wind Farm,HD1WF1,VIC1,Hawkesdale Asset Pty Ltd as trustee for Hawkesdale Asset Trust,Wind,22.25,89.0,25.0,10.5,-38.147894,142.361381,Hawkesdale Wind Farm
2026-09-28 10:45:00,2026-09-28T00:48:09.068651,Hawkesdale Wind Farm (HD1WF1),Hawkesdale Wind Farm,HD1WF1,VIC1,Hawkesdale Asset Pty Ltd as trustee for Hawkesdale Asset Trust,Wind,0.0,89.0,0.0,-8.0,-38.147894,142.361381,Hawkesdale Wind Farm
2026-09-28 15:55:00,2026-09-28T05:59:08.265666,Hawkesdale Wind Farm (HD1WF1),Hawkesdale Wind Farm,HD1WF1,VIC1,Hawkesdale Asset Pty Ltd as trustee for Hawkesdale Asset Trust,Wind,1.04,89.0,1.17,77.26144,-38.147894,142.361381,Hawkesdale Wind Farm
2026-09-28 23:40:00,2026-09-28T13:42:17.289472,Hawkesdale Wind Farm (HD1WF1),Hawkesdale Wind Farm,HD1WF1,VIC1,Hawkesdale Asset Pty Ltd as trustee for Hawkesdale Asset Trust,Wind,88.98,89.0,99.98,66.18985,-38.147894,142.361381,Hawkesdale Wind Farm
2026-09-28 01:15:00,2026-09-27T15:16:55.965252,Hornsdale Wind Farm (HDWF1),Hornsdale Wind Farm,HDWF1,SA1,HWF1 Pty Ltd,Wind,91.1,102.0,89.31,43.34,-33.050556,138.543611,Hornsdale Wind Farm
2026-09-28 05:05:00,2026-09-27T19:04:49.605467,Hornsdale Wind Farm (HDWF1),Hornsdale Wind Farm,HDWF1,SA1,HWF1 Pty Ltd,Wind,82.4,102.0,80.78,48.77983,-33.050556,138.543611,Hornsdale Wind Farm
2026-09-28 08:10:00,2026-09-27T22:10:16.469845,Hornsdale Wind Farm (HDWF1),Hornsdale Wind Farm,HDWF1,SA1,HWF1 Pty Ltd,Wind,69.1,102.0,67.75,190.0,-33.050556,138.543611,Hornsdale Wind Farm
2026-09-28 10:45:00,2026-09-28T00:48:09.068651,Hornsdale Wind Farm (HDWF1),Hornsdale Wind Farm,HDWF1,SA1,HWF1 Pty Ltd,Wind,48.1,102.0,47.16,-8.85295,-33.050556,138.543611,Hornsdale Wind Farm
2026-09-28 15:55:00,2026-09-28T05:59:08.265666,Hornsdale Wind Farm (HDWF1),Hornsdale Wind Farm,HDWF1,SA1,HWF1 Pty Ltd,Wind,1.5,102.0,1.47,74.62433,-33.050556,138.543611,Hornsdale Wind Farm
2026-09-28 23:40:00,2026-09-28T13:42:17.289472,Hornsdale Wind Farm (HDWF1),Hornsdale Wind Farm,HDWF1,SA1,HWF1 Pty Ltd,Wind,83.9,102.0,82.25,58.56284,-33.050556,138.543611,Hornsdale Wind Farm
2026-09-28 01:15:00,2026-09-27T15:16:55.965252,Hornsdale Wind Farm 2 (HDWF2),Hornsdale Wind Farm 2,HDWF2,SA1,HWF 2 Pty Ltd,Wind,99.8,102.0,97.84,43.34,-33.06,138.54,Hornsdale Wind Farm 2
2026-09-28 05:05:00,2026-09-27T19:04:49.605467,Hornsdale Wind Farm 2 (HDWF2),Hornsdale Wind Farm 2,HDWF2,SA1,HWF 2 Pty Ltd,Wind,100.0,102.0,98.04,48.77983,-33.06,138.54,Hornsdale Wind Farm 2
2026-09-28 08:10:00,2026-09-27T22:10:16.469845,Hornsdale Wind Farm 2 (HDWF2),Hornsdale Wind Farm 2,HDWF2,SA1,HWF 2 Pty Ltd,Wind,83.6,102.0,81.96,190.0,-33.06,138.54,Hornsdale Wind Farm 2
2026-09-28 10:45:00,2026-09-28T00:48:09.068651,Hornsdale Wind Farm 2 (HDWF2),Hornsdale Wind Farm 2,HDWF2,SA1,HWF 2 Pty Ltd,Wind,35.0,102.0,34.31,-8.85295,-33.06,138.54,Hornsdale Wind Farm 2
2026-09-28 15:55:00,2026-09-28T05:59:08.265666,Hornsdale Wind Farm 2 (HDWF2),Hornsdale Wind Farm 2,HDWF2,SA1,HWF 2 Pty Ltd,Wind,3.4,102.0,3.33,74.62433,-33.06,138.54,Hornsdale Wind Farm 2
2026-09-28 23:40:00,2026-09-28T13:42:17.289472,Hornsdale Wind Farm 2 (HDWF2),Hornsdale Wind Farm 2,HDWF2,SA1,HWF 2 Pty Ltd,Wind,99.5,102.0,97.55,58.56284,-33.06,138.54,Hornsdale Wind Farm 2
2026-09-28 01:15:00,2026-09-27T15:16:55.965252,Hornsdale Wind Farm 3 (HDWF3),Hornsdale Wind Farm 3,HDWF3,SA1,HWF3 Pty Ltd,Wind,103.2,109.0,94.68,43.34,-33.06,138.54,Hornsdale Wind Farm 3
2026-09-28 05:05:00,2026-09-27T19:04:49.605467,Hornsdale Wind Farm 3 (HDWF3),Hornsdale Wind Farm 3,HDWF3,SA1,HWF3 Pty Ltd,Wind,105.8,109.0,97.06,48.77983,-33.06,138.54,Hornsdale Wind Farm 3
2026-09-28 08:10:00,2026-09-27T22:10:16.469845,Hornsdale Wind Farm 3 (HDWF3),Hornsdale Wind Farm 3,HDWF3,SA1,HWF3 Pty Ltd,Wind,85.8,109.0,78.72,190.0,-33.06,138.54,Hornsdale Wind Farm 3
2026-09-28 10:45:00,2026-09-28T00:48:09.068651,Hornsdale Wind Farm 3 (HDWF3),Hornsdale Wind Farm 3,HDWF3,SA1,HWF3 Pty Ltd,Wind,51.0,109.0,46.79,-8.85295,-33.06,138.54,Hornsdale Wind Farm 3
2026-09-28 15:55:00,2026-09-28T05:59:08.265666,Hornsdale Wind Farm 3 (HDWF3),Hornsdale Wind Farm 3,HDWF3,SA1,HWF3 Pty Ltd,Wind,2.0,109.0,1.83,74.62433,-33.06,138.54,Hornsdale Wind Farm 3
2026-09-28 23:40:00,2026-09-28T13:42:17.289472,Hornsdale Wind Farm 3 (HDWF3),Hornsdale Wind Farm 3,HDWF3,SA1,HWF3 Pty Ltd,Wind,101.0,109.0,92.66,58.56284,-33.06,138.54,Hornsdale Wind Farm 3
2026-09-28 01:15:00,2026-09-27T15:16:55.965252,Kaban Wind Farm (KABANWF1),Kaban Wind Farm,KABANWF1,QLD1,Kaban Wind Farm Pty Ltd as trustee for Kaban Wind Farm Trust,Wind,33.47,152.0,22.02,71.52468,-17.56,145.41,Kaban Wind Farm
2026-09-28 05:05:00,2026-09-27T19:04:49.605467,Kaban Wind Farm (KABANWF1),Kaban Wind Farm,KABANWF1,QLD1,Kaban Wind Farm Pty Ltd as trustee for Kaban Wind Farm Trust,Wind,44.92,152.0,29.55,61.44757,-17.56,145.41,Kaban Wind Farm
2026-09-28 08:10:00,2026-09-27T22:10:16.469845,Kaban Wind Farm (KABANWF1),Kaban Wind Farm,KABANWF1,QLD1,Kaban Wind Farm Pty Ltd as trustee for Kaban Wind Farm Trust,Wind,54.45,152.0,35.82,82.4377,-17.56,145.41,Kaban Wind Farm
2026-09-28 10:45:00,2026-09-28T00:48:09.068651,Kaban Wind Farm (KABANWF1),Kaban Wind Farm,KABANWF1,QLD1,Kaban Wind Farm Pty Ltd as trustee for Kaban Wind Farm Trust,Wind,52.63,152.0,34.62,62.82862,-17.56,145.41,Kaban Wind Farm
2026-09-28 15:55:00,2026-09-28T05:59:08.265666,Kaban Wind Farm (KABANWF1),Kaban Wind Farm,KABANWF1,QLD1,Kaban Wind Farm Pty Ltd as trustee for Kaban Wind Farm Trust,Wind,56.76,152.0,37.34,71.67674,-17.56,145.41,Kaban Wind Farm
2026-09-28 23:40:00,2026-09-28T13:42:17.289472,Kaban Wind Farm (KABANWF1),Kaban Wind Farm,KABANWF1,QLD1,Kaban Wind Farm Pty Ltd as trustee for Kaban Wind Farm Trust,Wind,85.48,152.0,56.24,69.15201,-17.56,145.41,Kaban Wind Farm
2026-09-28 01:15:00,2026-09-27T15:16:55.965252,Kennedy Energy Park (KEPWF1),Kennedy Energy Park,KEPWF1,QLD1,Kennedy Energy Park Pty Ltd,Wind,10.3,43.0,23.95,71.52468,-20.88,144.42,Kennedy Energy Park
2026-09-28 05:05:00,2026-09-27T19:04:49.605467,Kennedy Energy Park (KEPWF1),Kennedy Energy Park,KEPWF1,QLD1,Kennedy Energy Park Pty Ltd,Wind,12.9,43.0,30.0,61.44757,-20.88,144.42,Kennedy Energy Park
2026-09-28 08:10:00,2026-09-27T22:10:16.469845,Kennedy Energy Park (KEPWF1),Kennedy Energy Park,KEPWF1,QLD1,Kennedy Energy Park Pty Ltd,Wind,14.4,43.0,33.49,82.4377,-20.88,144.42,Kennedy Energy Park
2026-09-28 10:45:00,2026-09-28T00:48:09.068651,Kennedy Energy Park (KEPWF1),Kennedy Energy Park,KEPWF1,QLD1,Kennedy Energy Park Pty Ltd,Wind,15.3,43.0,35.58,62.82862,-20.88,144.42,Kennedy Energy Park
2026-09-28 15:55:00,2026-09-28T05:59:08.265666,Kennedy Energy Park (KEPWF1),Kennedy Energy Park,KEPWF1,QLD1,Kennedy Energy Park Pty Ltd,Wind,16.6,43.0,38.6,71.67674,-20.88,144.42,Kennedy Energy Park
2026-09-28 23:40:00,2026-09-28T13:42:17.289472,Kennedy Energy Park (KEPWF1),Kennedy Energy Park,KEPWF1,QLD1,Kennedy Energy Park Pty Ltd,Wind,27.1,43.0,63.02,69.15201,-20.88,144.42,Kennedy Energy Park
2026-09-28 01:15:00,2026-09-27T15:16:55.965252,Kiata Wind Farm (KIATAWF1),Kiata Wind Farm,KIATAWF1,VIC1,Kiata ProjectCo Pty Ltd Atf Kiata Project Trust,Wind,12.4,31.0,40.0,23.58745,-36.4,141.75,Kiata Wind Farm
2026-09-28 05:05:00,2026-09-27T19:04:49.605467,Kiata Wind Farm (KIATAWF1),Kiata Wind Farm,KIATAWF1,VIC1,Kiata ProjectCo Pty Ltd Atf Kiata Project Trust,Wind,26.0,31.0,83.87,55.80427,-36.4,141.75,Kiata Wind Farm
2026-09-28 08:10:00,2026-09-27T22:10:16.469845,Kiata Wind Farm (KIATAWF1),Kiata Wind Farm,KIATAWF1,VIC1,Kiata ProjectCo Pty Ltd Atf Kiata Project Trust,Wind,13.7,31.0,44.19,10.5,-36.4,141.75,Kiata Wind Farm
2026-09-28 10:45:00,2026-09-28T00:48:09.068651,Kiata Wind Farm (KIATAWF1),Kiata Wind Farm,KIATAWF1,VIC1,Kiata ProjectCo Pty Ltd Atf Kiata Project Trust,Wind,0.0,31.0,0.0,-8.0,-36.4,141.75,Kiata Wind Farm
2026-09-28 15:55:00,2026-09-28T05:59:08.265666,Kiata Wind Farm (KIATAWF1),Kiata Wind Farm,KIATAWF1,VIC1,Kiata ProjectCo Pty Ltd Atf Kiata Project Trust,Wind,1.5,31.0,4.84,77.26144,-36.4,141.75,Kiata Wind Farm
2026-09-28 23:40:00,2026-09-28T13:42:17.289472,Kiata Wind Farm (KIATAWF1),Kiata Wind Farm,KIATAWF1,VIC1,Kiata ProjectCo Pty Ltd Atf Kiata Project Trust,Wind,31.0,31.0,100.0,66.18985,-36.4,141.75,Kiata Wind Farm
2026-09-28 01:15:00,2026-09-27T15:16:55.965252,Lincoln Gap Wind Farm (LGAPWF1),Lincoln Gap Wind Farm,LGAPWF1,SA1,Lincoln Gap Wind Farm (Operations) Pty Ltd,Wind,40.03,123.0,32.54,43.34,-32.564279,137.557328,Lincoln Gap Wind Farm
2026-09-28 05:05:00,2026-09-27T19:04:49.605467,Lincoln Gap Wind Farm (LGAPWF1),Lincoln Gap Wind Farm,LGAPWF1,SA1,Lincoln Gap Wind Farm (Operations) Pty Ltd,Wind,10.28,123.0,8.36,48.77983,-32.564279,137.557328,Lincoln Gap Wind Farm
2026-09-28 08:10:00,2026-09-27T22:10:16.469845,Lincoln Gap Wind Farm (LGAPWF1),Lincoln Gap Wind Farm,LGAPWF1,SA1,Lincoln Gap Wind Farm (Operations) Pty Ltd,Wind,4.4,123.0,3.58,190.0,-32.564279,137.557328,Lincoln Gap Wind Farm
2026-09-28 10:45:00,2026-09-28T00:48:09.068651,Lincoln Gap Wind Farm (LGAPWF1),Lincoln Gap Wind Farm,LGAPWF1,SA1,Lincoln Gap Wind Farm (Operations) Pty Ltd,Wind,0.0,123.0,0.0,-8.85295,-32.564279,137.557328,Lincoln Gap Wind Farm
2026-09-28 15:55:00,2026-09-28T05:59:08.265666,Lincoln Gap Wind Farm (LGAPWF1),Lincoln Gap Wind Farm,LGAPWF1,SA1,Lincoln Gap Wind Farm (Operations) Pty Ltd,Wind,37.47,123.0,30.46,74.62433,-32.564279,137.557328,Lincoln Gap Wind Farm
2026-09-28 23:40:00,2026-09-28T13:42:17.289472,Lincoln Gap Wind Farm (LGAPWF1),Lincoln Gap Wind Farm,LGAPWF1,SA1,Lincoln Gap Wind Farm (Operations) Pty Ltd,Wind,70.38,123.0,57.22,58.56284,-32.564279,137.557328,Lincoln Gap Wind Farm
2026-09-28 01:15:00,2026-09-27T15:16:55.965252,Lincoln Gap Wind Farm (LGAPWF2),Lincoln Gap Wind Farm,LGAPWF2,SA1,Lincoln Gap Wind Farm (Operations) Pty Ltd,Wind,58.0,85.0,68.24,43.34,-32.564279,137.557328,Lincoln Gap Wind Farm
2026-09-28 05:05:00,2026-09-27T19:04:49.605467,Lincoln Gap Wind Farm (LGAPWF2),Lincoln Gap Wind Farm,LGAPWF2,SA1,Lincoln Gap Wind Farm (Operations) Pty Ltd,Wind,12.62,85.0,14.85,48.77983,-32.564279,137.557328,Lincoln Gap Wind Farm
2026-09-28 08:10:00,2026-09-27T22:10:16.469845,Lincoln Gap Wind Farm (LGAPWF2),Lincoln Gap Wind Farm,LGAPWF2,SA1,Lincoln Gap Wind Farm (Operations) Pty Ltd,Wind,0.52,85.0,0.61,190.0,-32.564279,137.557328,Lincoln Gap Wind Farm
2026-09-28 10:45:00,2026-09-28T00:48:09.068651,Lincoln Gap Wind Farm (LGAPWF2),Lincoln Gap Wind Farm,LGAPWF2,SA1,Lincoln Gap Wind Farm (Operations) Pty Ltd,Wind,0.18,85.0,0.21,-8.85295,-32.564279,137.557328,Lincoln Gap Wind Farm
2026-09-28 15:55:00,2026-09-28T05:59:08.265666,Lincoln Gap Wind Farm (LGAPWF2),Lincoln Gap Wind Farm,LGAPWF2,SA1,Lincoln Gap Wind Farm (Operations) Pty Ltd,Wind,14.55,85.0,17.12,74.62433,-32.564279,137.557328,Lincoln Gap Wind Farm
2026-09-28 23:40:00,2026-09-28T13:42:17.289472,Lincoln Gap Wind Farm (LGAPWF2),Lincoln Gap Wind Farm,LGAPWF2,SA1,Lincoln Gap Wind Farm (Operations) Pty Ltd,Wind,28.37,85.0,33.38,58.56284,-32.564279,137.557328,Lincoln Gap Wind Farm
2026-09-28 01:15:00,2026-09-27T15:16:55.965252,Lake Bonney Wind Farm Stage 1 (LKBONNY1),Lake Bonney Wind Farm Stage 1,LKBONNY1,SA1,Lake Bonney Wind Power Pty Ltd,Wind,12.77,81.0,15.77,43.34,-37.76,140.4,Lake Bonney Wind Farm Stage 1
2026-09-28 05:05:00,2026-09-27T19:04:49.605467,Lake Bonney Wind Farm Stage 1 (LKBONNY1),Lake Bonney Wind Farm Stage 1,LKBONNY1,SA1,Lake Bonney Wind Power Pty Ltd,Wind,25.99,81.0,32.09,48.77983,-37.76,140.4,Lake Bonney Wind Farm Stage 1
2026-09-28 08:10:00,2026-09-27T22:10:16.469845,Lake Bonney Wind Farm Stage 1 (LKBONNY1),Lake Bonney Wind Farm Stage 1,LKBONNY1,SA1,Lake Bonney Wind Power Pty Ltd,Wind,18.58,81.0,22.94,190.0,-37.76,140.4,Lake Bonney Wind Farm Stage 1
2026-09-28 10:45:00,2026-09-28T00:48:09.068651,Lake Bonney Wind Farm Stage 1 (LKBONNY1),Lake Bonney Wind Farm Stage 1,LKBONNY1,SA1,Lake Bonney Wind Power Pty Ltd,Wind,0.0,81.0,0.0,-8.85295,-37.76,140.4,Lake Bonney Wind Farm Stage 1
2026-09-28 15:55:00,2026-09-28T05:59:08.265666,Lake Bonney Wind Farm Stage 1 (LKBONNY1),Lake Bonney Wind Farm Stage 1,LKBONNY1,SA1,Lake Bonney Wind Power Pty Ltd,Wind,1.16,81.0,1.43,74.62433,-37.76,140.4,Lake Bonney Wind Farm Stage 1
2026-09-28 23:40:00,2026-09-28T13:42:17.289472,Lake Bonney Wind Farm Stage 1 (LKBONNY1),Lake Bonney Wind Farm Stage 1,LKBONNY1,SA1,Lake Bonney Wind Power Pty Ltd,Wind,17.5,81.0,21.6,58.56284,-37.76,140.4,Lake Bonney Wind Farm Stage 1
2026-09-28 01:15:00,2026-09-27T15:16:55.965252,Lake Bonney Stage 2 Windfarm (LKBONNY2),Lake Bonney Stage 2 Windfarm,LKBONNY2,SA1,Lake Bonney Wind Power Pty Ltd,Wind,41.6,159.0,26.16,43.34,-37.76,140.4,Lake Bonney Stage 2 Windfarm
2026-09-28 05:05:00,2026-09-27T19:04:49.605467,Lake Bonney Stage 2 Windfarm (LKBONNY2),Lake Bonney Stage 2 Windfarm,LKBONNY2,SA1,Lake Bonney Wind Power Pty Ltd,Wind,67.75,159.0,42.61,48.77983,-37.76,140.4,Lake Bonney Stage 2 Windfarm
2026-09-28 08:10:00,2026-09-27T22:10:16.469845,Lake Bonney Stage 2 Windfarm (LKBONNY2),Lake Bonney Stage 2 Windfarm,LKBONNY2,SA1,Lake Bonney Wind Power Pty Ltd,Wind,51.25,159.0,32.23,190.0,-37.76,140.4,Lake Bonney Stage 2 Windfarm
2026-09-28 10:45:00,2026-09-28T00:48:09.068651,Lake Bonney Stage 2 Windfarm (LKBONNY2),Lake Bonney Stage 2 Windfarm,LKBONNY2,SA1,Lake Bonney Wind Power Pty Ltd,Wind,0.0,159.0,0.0,-8.85295,-37.76,140.4,Lake Bonney Stage 2 Windfarm
2026-09-28 15:55:00,2026-09-28T05:59:08.265666,Lake Bonney Stage 2 Windfarm (LKBONNY2),Lake Bonney Stage 2 Windfarm,LKBONNY2,SA1,Lake Bonney Wind Power Pty Ltd,Wind,5.26,159.0,3.31,74.62433,-37.76,140.4,Lake Bonney Stage 2 Windfarm
2026-09-28 23:40:00,2026-09-28T13:42:17.289472,Lake Bonney Stage 2 Windfarm (LKBONNY2),Lake Bonney Stage 2 Windfarm,LKBONNY2,SA1,Lake Bonney Wind Power Pty Ltd,Wind,22.14,159.0,13.92,58.56284,-37.76,140.4,Lake Bonney Stage 2 Windfarm
2026-09-28 01:15:00,2026-09-27T15:16:55.965252,Lake Bonney Stage 3 Wind Farm (LKBONNY3),Lake Bonney Stage 3 Wind Farm,LKBONNY3,SA1,Lake Bonney Wind Power Pty Ltd,Wind,12.39,39.0,31.77,43.34,-37.737781,140.388137,Lake Bonney Stage 3 Wind Farm
2026-09-28 05:05:00,2026-09-27T19:04:49.605467,Lake Bonney Stage 3 Wind Farm (LKBONNY3),Lake Bonney Stage 3 Wind Farm,LKBONNY3,SA1,Lake Bonney Wind Power Pty Ltd,Wind,18.09,39.0,46.38,48.77983,-37.737781,140.388137,Lake Bonney Stage 3 Wind Farm
2026-09-28 08:10:00,2026-09-27T22:10:16.469845,Lake Bonney Stage 3 Wind Farm (LKBONNY3),Lake Bonney Stage 3 Wind Farm,LKBONNY3,SA1,Lake Bonney Wind Power Pty Ltd,Wind,15.35,39.0,39.36,190.0,-37.737781,140.388137,Lake Bonney Stage 3 Wind Farm
2026-09-28 10:45:00,2026-09-28T00:48:09.068651,Lake Bonney Stage 3 Wind Farm (LKBONNY3),Lake Bonney Stage 3 Wind Farm,LKBONNY3,SA1,Lake Bonney Wind Power Pty Ltd,Wind,0.0,39.0,0.0,-8.85295,-37.737781,140.388137,Lake Bonney Stage 3 Wind Farm
2026-09-28 15:55:00,2026-09-28T05:59:08.265666,Lake Bonney Stage 3 Wind Farm (LKBONNY3),Lake Bonney Stage 3 Wind Farm,LKBONNY3,SA1,Lake Bonney Wind Power Pty Ltd,Wind,1.9,39.0,4.87,74.62433,-37.737781,140.388137,Lake Bonney Stage 3 Wind Farm
2026-09-28 23:40:00,2026-09-28T13:42:17.289472,Lake Bonney Stage 3 Wind Farm (LKBONNY3),Lake Bonney Stage 3 Wind Farm,LKBONNY3,SA1,Lake Bonney Wind Power Pty Ltd,Wind,3.91,39.0,10.03,58.56284,-37.737781,140.388137,Lake Bonney Stage 3 Wind Farm
2026-09-28 01:15:00,2026-09-27T15:16:55.965252,Macarthur Wind Farm (MACARTH1),Macarthur Wind Farm,MACARTH1,VIC1,AGL Hydro Partnership,Wind,114.6,420.0,27.29,23.58745,-38.048957,142.192112,Macarthur Wind Farm
2026-09-28 05:05:00,2026-09-27T19:04:49.605467,Macarthur Wind Farm (MACARTH1),Macarthur Wind Farm,MACARTH1,VIC1,AGL Hydro Partnership,Wind,134.1,420.0,31.93,55.80427,-38.048957,142.192112,Macarthur Wind Farm
2026-09-28 08:10:00,2026-09-27T22:10:16.469845,Macarthur Wind Farm (MACARTH1),Macarthur Wind Farm,MACARTH1,VIC1,AGL Hydro Partnership,Wind,39.1,420.0,9.31,10.5,-38.048957,142.192112,Macarthur Wind Farm
2026-09-28 10:45:00,2026-09-28T00:48:09.068651,Macarthur Wind Farm (MACARTH1),Macarthur Wind Farm,MACARTH1,VIC1,AGL Hydro Partnership,Wind,57.4,420.0,13.67,-8.0,-38.048957,142.192112,Macarthur Wind Farm
2026-09-28 15:55:00,2026-09-28T05:59:08.265666,Macarthur Wind Farm (MACARTH1),Macarthur Wind Farm,MACARTH1,VIC1,AGL Hydro Partnership,Wind,3.8,420.0,0.9,77.26144,-38.048957,142.192112,Macarthur Wind Farm
2026-09-28 23:40:00,2026-09-28T13:42:17.289472,Macarthur Wind Farm (MACARTH1),Macarthur Wind Farm,MACARTH1,VIC1,AGL Hydro Partnership,Wind,175.3,420.0,41.74,66.18985,-38.048957,142.192112,Macarthur Wind Farm
2026-09-28 01:15:00,2026-09-27T15:16:55.965252,MacIntyre Wind Farm (MCINTYR1),MacIntyre Wind Farm,MCINTYR1,QLD1,MacIntyre UJV Operator Pty Ltd,Wind,541.92,890.0,60.89,71.52468,-28.32,151.54,MacIntyre Wind Farm
2026-09-28 05:05:00,2026-09-27T19:04:49.605467,MacIntyre Wind Farm (MCINTYR1),MacIntyre Wind Farm,MCINTYR1,QLD1,MacIntyre UJV Operator Pty Ltd,Wind,444.48,890.0,49.94,61.44757,-28.32,151.54,MacIntyre Wind Farm
2026-09-28 08:10:00,2026-09-27T22:10:16.469845,MacIntyre Wind Farm (MCINTYR1),MacIntyre Wind Farm,MCINTYR1,QLD1,MacIntyre UJV Operator Pty Ltd,Wind,171.82,890.0,19.31,82.4377,-28.32,151.54,MacIntyre Wind Farm
2026-09-28 10:45:00,2026-09-28T00:48:09.068651,MacIntyre Wind Farm (MCINTYR1),MacIntyre Wind Farm,MCINTYR1,QLD1,MacIntyre UJV Operator Pty Ltd,Wind,91.55,890.0,10.29,62.82862,-28.32,151.54,MacIntyre Wind Farm
2026-09-28 15:55:00,2026-09-28T05:59:08.265666,MacIntyre Wind Farm (MCINTYR1),MacIntyre Wind Farm,MCINTYR1,QLD1,MacIntyre UJV Operator Pty Ltd,Wind,543.39,890.0,61.06,71.67674,-28.32,151.54,MacIntyre Wind Farm
2026-09-28 23:40:00,2026-09-28T13:42:17.289472,MacIntyre Wind Farm (MCINTYR1),MacIntyre Wind Farm,MCINTYR1,QLD1,MacIntyre UJV Operator Pty Ltd,Wind,621.31,890.0,69.81,69.15201,-28.32,151.54,MacIntyre Wind Farm
2026-09-28 01:15:00,2026-09-27T15:16:55.965252,Mt Mercer Wind Farm (MERCER01),Mt Mercer Wind Farm,MERCER01,VIC1,Mt Mercer Windfarm Pty Ltd,Wind,28.8,131.0,21.98,23.58745,-37.841111,143.871111,Mt Mercer Wind Farm
2026-09-28 05:05:00,2026-09-27T19:04:49.605467,Mt Mercer Wind Farm (MERCER01),Mt Mercer Wind Farm,MERCER01,VIC1,Mt Mercer Windfarm Pty Ltd,Wind,12.2,131.0,9.31,55.80427,-37.841111,143.871111,Mt Mercer Wind Farm
2026-09-28 08:10:00,2026-09-27T22:10:16.469845,Mt Mercer Wind Farm (MERCER01),Mt Mercer Wind Farm,MERCER01,VIC1,Mt Mercer Windfarm Pty Ltd,Wind,26.3,131.0,20.08,10.5,-37.841111,143.871111,Mt Mercer Wind Farm
2026-09-28 10:45:00,2026-09-28T00:48:09.068651,Mt Mercer Wind Farm (MERCER01),Mt Mercer Wind Farm,MERCER01,VIC1,Mt Mercer Windfarm Pty Ltd,Wind,0.0,131.0,0.0,-8.0,-37.841111,143.871111,Mt Mercer Wind Farm
2026-09-28 15:55:00,2026-09-28T05:59:08.265666,Mt Mercer Wind Farm (MERCER01),Mt Mercer Wind Farm,MERCER01,VIC1,Mt Mercer Windfarm Pty Ltd,Wind,28.4,131.0,21.68,77.26144,-37.841111,143.871111,Mt Mercer Wind Farm
2026-09-28 23:40:00,2026-09-28T13:42:17.289472,Mt Mercer Wind Farm (MERCER01),Mt Mercer Wind Farm,MERCER01,VIC1,Mt Mercer Windfarm Pty Ltd,Wind,25.3,131.0,19.31,66.18985,-37.841111,143.871111,Mt Mercer Wind Farm
2026-09-28 01:15:00,2026-09-27T15:16:55.965252,Mount Emerald Wind Farm (MEWF1),Mount Emerald Wind Farm,MEWF1,QLD1,Ergon Energy Queensland Pty Ltd ,Wind,41.07,178.0,23.07,71.52468,-17.133007,145.380644,Mount Emerald Wind Farm
2026-09-28 05:05:00,2026-09-27T19:04:49.605467,Mount Emerald Wind Farm (MEWF1),Mount Emerald Wind Farm,MEWF1,QLD1,Ergon Energy Queensland Pty Ltd ,Wind,53.58,178.0,30.1,61.44757,-17.133007,145.380644,Mount Emerald Wind Farm
2026-09-28 08:10:00,2026-09-27T22:10:16.469845,Mount Emerald Wind Farm (MEWF1),Mount Emerald Wind Farm,MEWF1,QLD1,Ergon Energy Queensland Pty Ltd ,Wind,65.72,178.0,36.92,82.4377,-17.133007,145.380644,Mount Emerald Wind Farm
2026-09-28 10:45:00,2026-09-28T00:48:09.068651,Mount Emerald Wind Farm (MEWF1),Mount Emerald Wind Farm,MEWF1,QLD1,Ergon Energy Queensland Pty Ltd ,Wind,62.16,178.0,34.92,62.82862,-17.133007,145.380644,Mount Emerald Wind Farm
2026-09-28 15:55:00,2026-09-28T05:59:08.265666,Mount Emerald Wind Farm (MEWF1),Mount Emerald Wind Farm,MEWF1,QLD1,Ergon Energy Queensland Pty Ltd ,Wind,67.0,178.0,37.64,71.67674,-17.133007,145.380644,Mount Emerald Wind Farm
2026-09-28 23:40:00,2026-09-28T13:42:17.289472,Mount Emerald Wind Farm (MEWF1),Mount Emerald Wind Farm,MEWF1,QLD1,Ergon Energy Queensland Pty Ltd ,Wind,103.13,178.0,57.94,69.15201,-17.133007,145.380644,Mount Emerald Wind Farm
2026-09-28 01:15:00,2026-09-27T15:16:55.965252,Mortons Lane Wind Farm (MLWF1),Mortons Lane Wind Farm,MLWF1,VIC1,Mortons Lane Windfarm Pty Limited,Wind,12.16,20.0,60.8,23.58745,-37.84,142.45,Mortons Lane Wind Farm
2026-09-28 05:05:00,2026-09-27T19:04:49.605467,Mortons Lane Wind Farm (MLWF1),Mortons Lane Wind Farm,MLWF1,VIC1,Mortons Lane Windfarm Pty Limited,Wind,7.56,20.0,37.8,55.80427,-37.84,142.45,Mortons Lane Wind Farm
2026-09-28 08:10:00,2026-09-27T22:10:16.469845,Mortons Lane Wind Farm (MLWF1),Mortons Lane Wind Farm,MLWF1,VIC1,Mortons Lane Windfarm Pty Limited,Wind,0.66,20.0,3.3,10.5,-37.84,142.45,Mortons Lane Wind Farm
2026-09-28 10:45:00,2026-09-28T00:48:09.068651,Mortons Lane Wind Farm (MLWF1),Mortons Lane Wind Farm,MLWF1,VIC1,Mortons Lane Windfarm Pty Limited,Wind,1.66,20.0,8.3,-8.0,-37.84,142.45,Mortons Lane Wind Farm
2026-09-28 15:55:00,2026-09-28T05:59:08.265666,Mortons Lane Wind Farm (MLWF1),Mortons Lane Wind Farm,MLWF1,VIC1,Mortons Lane Windfarm Pty Limited,Wind,1.18,20.0,5.9,77.26144,-37.84,142.45,Mortons Lane Wind Farm
2026-09-28 23:40:00,2026-09-28T13:42:17.289472,Mortons Lane Wind Farm (MLWF1),Mortons Lane Wind Farm,MLWF1,VIC1,Mortons Lane Windfarm Pty Limited,Wind,9.28,20.0,46.4,66.18985,-37.84,142.45,Mortons Lane Wind Farm
2026-09-28 01:15:00,2026-09-27T15:16:55.965252,Mortlake South Wind Farm (MRTLSWF1),Mortlake South Wind Farm,MRTLSWF1,VIC1,Mortlake South Wind Farm Pty Ltd,Wind,32.79,153.0,21.43,23.58745,-38.127337,142.857801,Mortlake South Wind Farm
2026-09-28 05:05:00,2026-09-27T19:04:49.605467,Mortlake South Wind Farm (MRTLSWF1),Mortlake South Wind Farm,MRTLSWF1,VIC1,Mortlake South Wind Farm Pty Ltd,Wind,30.62,153.0,20.01,55.80427,-38.127337,142.857801,Mortlake South Wind Farm
2026-09-28 08:10:00,2026-09-27T22:10:16.469845,Mortlake South Wind Farm (MRTLSWF1),Mortlake South Wind Farm,MRTLSWF1,VIC1,Mortlake South Wind Farm Pty Ltd,Wind,11.35,153.0,7.42,10.5,-38.127337,142.857801,Mortlake South Wind Farm
2026-09-28 10:45:00,2026-09-28T00:48:09.068651,Mortlake South Wind Farm (MRTLSWF1),Mortlake South Wind Farm,MRTLSWF1,VIC1,Mortlake South Wind Farm Pty Ltd,Wind,23.12,153.0,15.11,-8.0,-38.127337,142.857801,Mortlake South Wind Farm
2026-09-28 15:55:00,2026-09-28T05:59:08.265666,Mortlake South Wind Farm (MRTLSWF1),Mortlake South Wind Farm,MRTLSWF1,VIC1,Mortlake South Wind Farm Pty Ltd,Wind,0.25,153.0,0.16,77.26144,-38.127337,142.857801,Mortlake South Wind Farm
2026-09-28 23:40:00,2026-09-28T13:42:17.289472,Mortlake South Wind Farm (MRTLSWF1),Mortlake South Wind Farm,MRTLSWF1,VIC1,Mortlake South Wind Farm Pty Ltd,Wind,78.39,153.0,51.24,66.18985,-38.127337,142.857801,Mortlake South Wind Farm
2026-09-28 01:15:00,2026-09-27T15:16:55.965252,Mt Gellibrand Wind Farm (MTGELWF1),Mt Gellibrand Wind Farm,MTGELWF1,VIC1,Mt. Gellibrand Wind Farm Pty Ltd,Wind,87.7,132.0,66.44,23.58745,-38.23,143.77,Mt Gellibrand Wind Farm
2026-09-28 05:05:00,2026-09-27T19:04:49.605467,Mt Gellibrand Wind Farm (MTGELWF1),Mt Gellibrand Wind Farm,MTGELWF1,VIC1,Mt. Gellibrand Wind Farm Pty Ltd,Wind,8.18,132.0,6.2,55.80427,-38.23,143.77,Mt Gellibrand Wind Farm
2026-09-28 08:10:00,2026-09-27T22:10:16.469845,Mt Gellibrand Wind Farm (MTGELWF1),Mt Gellibrand Wind Farm,MTGELWF1,VIC1,Mt. Gellibrand Wind Farm Pty Ltd,Wind,16.14,132.0,12.23,10.5,-38.23,143.77,Mt Gellibrand Wind Farm
2026-09-28 10:45:00,2026-09-28T00:48:09.068651,Mt Gellibrand Wind Farm (MTGELWF1),Mt Gellibrand Wind Farm,MTGELWF1,VIC1,Mt. Gellibrand Wind Farm Pty Ltd,Wind,16.43,132.0,12.45,-8.0,-38.23,143.77,Mt Gellibrand Wind Farm
2026-09-28 15:55:00,2026-09-28T05:59:08.265666,Mt Gellibrand Wind Farm (MTGELWF1),Mt Gellibrand Wind Farm,MTGELWF1,VIC1,Mt. Gellibrand Wind Farm Pty Ltd,Wind,24.1,132.0,18.26,77.26144,-38.23,143.77,Mt Gellibrand Wind Farm
2026-09-28 23:40:00,2026-09-28T13:42:17.289472,Mt Gellibrand Wind Farm (MTGELWF1),Mt Gellibrand Wind Farm,MTGELWF1,VIC1,Mt. Gellibrand Wind Farm Pty Ltd,Wind,46.13,132.0,34.95,66.18985,-38.23,143.77,Mt Gellibrand Wind Farm
2026-09-28 01:15:00,2026-09-27T15:16:55.965252,Mt Millar Wind Farm (MTMILLAR),Mt Millar Wind Farm,MTMILLAR,SA1,Mt Millar Wind Farm Pty Ltd,Wind,15.3,70.0,21.86,43.34,-33.624444,136.703611,Mt Millar Wind Farm
2026-09-28 05:05:00,2026-09-27T19:04:49.605467,Mt Millar Wind Farm (MTMILLAR),Mt Millar Wind Farm,MTMILLAR,SA1,Mt Millar Wind Farm Pty Ltd,Wind,12.4,70.0,17.71,48.77983,-33.624444,136.703611,Mt Millar Wind Farm
2026-09-28 08:10:00,2026-09-27T22:10:16.469845,Mt Millar Wind Farm (MTMILLAR),Mt Millar Wind Farm,MTMILLAR,SA1,Mt Millar Wind Farm Pty Ltd,Wind,5.2,70.0,7.43,190.0,-33.624444,136.703611,Mt Millar Wind Farm
2026-09-28 10:45:00,2026-09-28T00:48:09.068651,Mt Millar Wind Farm (MTMILLAR),Mt Millar Wind Farm,MTMILLAR,SA1,Mt Millar Wind Farm Pty Ltd,Wind,0.9,70.0,1.29,-8.85295,-33.624444,136.703611,Mt Millar Wind Farm
2026-09-28 15:55:00,2026-09-28T05:59:08.265666,Mt Millar Wind Farm (MTMILLAR),Mt Millar Wind Farm,MTMILLAR,SA1,Mt Millar Wind Farm Pty Ltd,Wind,17.2,70.0,24.57,74.62433,-33.624444,136.703611,Mt Millar Wind Farm
2026-09-28 23:40:00,2026-09-28T13:42:17.289472,Mt Millar Wind Farm (MTMILLAR),Mt Millar Wind Farm,MTMILLAR,SA1,Mt Millar Wind Farm Pty Ltd,Wind,57.6,70.0,82.29,58.56284,-33.624444,136.703611,Mt Millar Wind Farm
2026-09-28 01:15:00,2026-09-27T15:16:55.965252,Musselroe Wind Farm (MUSSELR1),Musselroe Wind Farm,MUSSELR1,TAS1,Hydro-Electric Corporation,Wind,2.5,168.0,1.49,43.15345,-40.780225,148.010799,Musselroe Wind Farm
2026-09-28 05:05:00,2026-09-27T19:04:49.605467,Musselroe Wind Farm (MUSSELR1),Musselroe Wind Farm,MUSSELR1,TAS1,Hydro-Electric Corporation,Wind,0.0,168.0,0.0,58.24511,-40.780225,148.010799,Musselroe Wind Farm
2026-09-28 08:10:00,2026-09-27T22:10:16.469845,Musselroe Wind Farm (MUSSELR1),Musselroe Wind Farm,MUSSELR1,TAS1,Hydro-Electric Corporation,Wind,0.0,168.0,0.0,11.09194,-40.780225,148.010799,Musselroe Wind Farm
2026-09-28 10:45:00,2026-09-28T00:48:09.068651,Musselroe Wind Farm (MUSSELR1),Musselroe Wind Farm,MUSSELR1,TAS1,Hydro-Electric Corporation,Wind,6.8,168.0,4.05,-8.49821,-40.780225,148.010799,Musselroe Wind Farm
2026-09-28 15:55:00,2026-09-28T05:59:08.265666,Musselroe Wind Farm (MUSSELR1),Musselroe Wind Farm,MUSSELR1,TAS1,Hydro-Electric Corporation,Wind,33.5,168.0,19.94,81.17533,-40.780225,148.010799,Musselroe Wind Farm
2026-09-28 23:40:00,2026-09-28T13:42:17.289472,Musselroe Wind Farm (MUSSELR1),Musselroe Wind Farm,MUSSELR1,TAS1,Hydro-Electric Corporation,Wind,0.0,168.0,0.0,56.99499,-40.780225,148.010799,Musselroe Wind Farm
2026-09-28 01:15:00,2026-09-27T15:16:55.965252,Murra Warra Wind Farm (MUWAWF1),Murra Warra Wind Farm,MUWAWF1,VIC1,Telstra Energy (Generation) Pty Ltd,Wind,193.89,225.7,85.91,23.58745,-36.432404,142.317853,Murra Warra Wind Farm
2026-09-28 05:05:00,2026-09-27T19:04:49.605467,Murra Warra Wind Farm (MUWAWF1),Murra Warra Wind Farm,MUWAWF1,VIC1,Telstra Energy (Generation) Pty Ltd,Wind,161.31,225.7,71.47,55.80427,-36.432404,142.317853,Murra Warra Wind Farm
2026-09-28 08:10:00,2026-09-27T22:10:16.469845,Murra Warra Wind Farm (MUWAWF1),Murra Warra Wind Farm,MUWAWF1,VIC1,Telstra Energy (Generation) Pty Ltd,Wind,74.31,225.7,32.92,10.5,-36.432404,142.317853,Murra Warra Wind Farm
2026-09-28 10:45:00,2026-09-28T00:48:09.068651,Murra Warra Wind Farm (MUWAWF1),Murra Warra Wind Farm,MUWAWF1,VIC1,Telstra Energy (Generation) Pty Ltd,Wind,0.0,225.7,0.0,-8.0,-36.432404,142.317853,Murra Warra Wind Farm
2026-09-28 15:55:00,2026-09-28T05:59:08.265666,Murra Warra Wind Farm (MUWAWF1),Murra Warra Wind Farm,MUWAWF1,VIC1,Telstra Energy (Generation) Pty Ltd,Wind,21.16,225.7,9.38,77.26144,-36.432404,142.317853,Murra Warra Wind Farm
2026-09-28 23:40:00,2026-09-28T13:42:17.289472,Murra Warra Wind Farm (MUWAWF1),Murra Warra Wind Farm,MUWAWF1,VIC1,Telstra Energy (Generation) Pty Ltd,Wind,147.77,225.7,65.47,66.18985,-36.432404,142.317853,Murra Warra Wind Farm
2026-09-28 01:15:00,2026-09-27T15:16:55.965252,Murra Warra Wind Farm Stage 2 (MUWAWF2),Murra Warra Wind Farm Stage 2,MUWAWF2,VIC1,Murra Warra II Project Co Pty Ltd ATF The Murra Warra II Project Trust,Wind,188.7,203.0,92.96,23.58745,-36.43,142.32,Murra Warra Wind Farm Stage 2
2026-09-28 05:05:00,2026-09-27T19:04:49.605467,Murra Warra Wind Farm Stage 2 (MUWAWF2),Murra Warra Wind Farm Stage 2,MUWAWF2,VIC1,Murra Warra II Project Co Pty Ltd ATF The Murra Warra II Project Trust,Wind,164.6,203.0,81.08,55.80427,-36.43,142.32,Murra Warra Wind Farm Stage 2
2026-09-28 08:10:00,2026-09-27T22:10:16.469845,Murra Warra Wind Farm Stage 2 (MUWAWF2),Murra Warra Wind Farm Stage 2,MUWAWF2,VIC1,Murra Warra II Project Co Pty Ltd ATF The Murra Warra II Project Trust,Wind,62.6,203.0,30.84,10.5,-36.43,142.32,Murra Warra Wind Farm Stage 2
2026-09-28 10:45:00,2026-09-28T00:48:09.068651,Murra Warra Wind Farm Stage 2 (MUWAWF2),Murra Warra Wind Farm Stage 2,MUWAWF2,VIC1,Murra Warra II Project Co Pty Ltd ATF The Murra Warra II Project Trust,Wind,0.0,203.0,0.0,-8.0,-36.43,142.32,Murra Warra Wind Farm Stage 2
2026-09-28 15:55:00,2026-09-28T05:59:08.265666,Murra Warra Wind Farm Stage 2 (MUWAWF2),Murra Warra Wind Farm Stage 2,MUWAWF2,VIC1,Murra Warra II Project Co Pty Ltd ATF The Murra Warra II Project Trust,Wind,21.8,203.0,10.74,77.26144,-36.43,142.32,Murra Warra Wind Farm Stage 2
2026-09-28 23:40:00,2026-09-28T13:42:17.289472,Murra Warra Wind Farm Stage 2 (MUWAWF2),Murra Warra Wind Farm Stage 2,MUWAWF2,VIC1,Murra Warra II Project Co Pty Ltd ATF The Murra Warra II Project Trust,Wind,182.7,203.0,90.0,66.18985,-36.43,142.32,Murra Warra Wind Farm Stage 2
2026-09-28 01:15:00,2026-09-27T15:16:55.965252,North Brown Hill Wind Farm (NBHWF1),North Brown Hill Wind Farm,NBHWF1,SA1,AGL SA Generation Pty Limited,Wind,110.6,132.0,83.79,43.34,-33.367778,138.728611,North Brown Hill Wind Farm
2026-09-28 05:05:00,2026-09-27T19:04:49.605467,North Brown Hill Wind Farm (NBHWF1),North Brown Hill Wind Farm,NBHWF1,SA1,AGL SA Generation Pty Limited,Wind,113.5,132.0,85.98,48.77983,-33.367778,138.728611,North Brown Hill Wind Farm
2026-09-28 08:10:00,2026-09-27T22:10:16.469845,North Brown Hill Wind Farm (NBHWF1),North Brown Hill Wind Farm,NBHWF1,SA1,AGL SA Generation Pty Limited,Wind,93.6,132.0,70.91,190.0,-33.367778,138.728611,North Brown Hill Wind Farm
2026-09-28 10:45:00,2026-09-28T00:48:09.068651,North Brown Hill Wind Farm (NBHWF1),North Brown Hill Wind Farm,NBHWF1,SA1,AGL SA Generation Pty Limited,Wind,0.0,132.0,0.0,-8.85295,-33.367778,138.728611,North Brown Hill Wind Farm
2026-09-28 15:55:00,2026-09-28T05:59:08.265666,North Brown Hill Wind Farm (NBHWF1),North Brown Hill Wind Farm,NBHWF1,SA1,AGL SA Generation Pty Limited,Wind,0.0,132.0,0.0,74.62433,-33.367778,138.728611,North Brown Hill Wind Farm
2026-09-28 23:40:00,2026-09-28T13:42:17.289472,North Brown Hill Wind Farm (NBHWF1),North Brown Hill Wind Farm,NBHWF1,SA1,AGL SA Generation Pty Limited,Wind,110.6,132.0,83.79,58.56284,-33.367778,138.728611,North Brown Hill Wind Farm
2026-09-28 01:15:00,2026-09-27T15:16:55.965252,Oaklands Hill Wind Farm (OAKLAND1),Oaklands Hill Wind Farm,OAKLAND1,VIC1,AGL Hydro Partnership,Wind,30.5,63.0,48.41,23.58745,-37.683078,142.551678,Oaklands Hill Wind Farm
2026-09-28 05:05:00,2026-09-27T19:04:49.605467,Oaklands Hill Wind Farm (OAKLAND1),Oaklands Hill Wind Farm,OAKLAND1,VIC1,AGL Hydro Partnership,Wind,22.7,63.0,36.03,55.80427,-37.683078,142.551678,Oaklands Hill Wind Farm
2026-09-28 08:10:00,2026-09-27T22:10:16.469845,Oaklands Hill Wind Farm (OAKLAND1),Oaklands Hill Wind Farm,OAKLAND1,VIC1,AGL Hydro Partnership,Wind,0.9,63.0,1.43,10.5,-37.683078,142.551678,Oaklands Hill Wind Farm
2026-09-28 10:45:00,2026-09-28T00:48:09.068651,Oaklands Hill Wind Farm (OAKLAND1),Oaklands Hill Wind Farm,OAKLAND1,VIC1,AGL Hydro Partnership,Wind,0.0,63.0,0.0,-8.0,-37.683078,142.551678,Oaklands Hill Wind Farm
2026-09-28 15:55:00,2026-09-28T05:59:08.265666,Oaklands Hill Wind Farm (OAKLAND1),Oaklands Hill Wind Farm,OAKLAND1,VIC1,AGL Hydro Partnership,Wind,0.4,63.0,0.63,77.26144,-37.683078,142.551678,Oaklands Hill Wind Farm
2026-09-28 23:40:00,2026-09-28T13:42:17.289472,Oaklands Hill Wind Farm (OAKLAND1),Oaklands Hill Wind Farm,OAKLAND1,VIC1,AGL Hydro Partnership,Wind,44.4,63.0,70.48,66.18985,-37.683078,142.551678,Oaklands Hill Wind Farm
2026-09-28 01:15:00,2026-09-27T15:16:55.965252,Port Augusta Renewable Energy Park (PAREPW1),Port Augusta Renewable Energy Park,PAREPW1,SA1,Iberdrola Australia Energy Markets Pty Limited,Wind,130.78,201.0,65.06,43.34,-32.566944,137.856111,Port Augusta Renewable Energy Park
2026-09-28 05:05:00,2026-09-27T19:04:49.605467,Port Augusta Renewable Energy Park (PAREPW1),Port Augusta Renewable Energy Park,PAREPW1,SA1,Iberdrola Australia Energy Markets Pty Limited,Wind,127.93,201.0,63.65,48.77983,-32.566944,137.856111,Port Augusta Renewable Energy Park
2026-09-28 08:10:00,2026-09-27T22:10:16.469845,Port Augusta Renewable Energy Park (PAREPW1),Port Augusta Renewable Energy Park,PAREPW1,SA1,Iberdrola Australia Energy Markets Pty Limited,Wind,25.81,201.0,12.84,190.0,-32.566944,137.856111,Port Augusta Renewable Energy Park
2026-09-28 10:45:00,2026-09-28T00:48:09.068651,Port Augusta Renewable Energy Park (PAREPW1),Port Augusta Renewable Energy Park,PAREPW1,SA1,Iberdrola Australia Energy Markets Pty Limited,Wind,12.65,201.0,6.29,-8.85295,-32.566944,137.856111,Port Augusta Renewable Energy Park
2026-09-28 15:55:00,2026-09-28T05:59:08.265666,Port Augusta Renewable Energy Park (PAREPW1),Port Augusta Renewable Energy Park,PAREPW1,SA1,Iberdrola Australia Energy Markets Pty Limited,Wind,20.76,201.0,10.33,74.62433,-32.566944,137.856111,Port Augusta Renewable Energy Park
2026-09-28 23:40:00,2026-09-28T13:42:17.289472,Port Augusta Renewable Energy Park (PAREPW1),Port Augusta Renewable Energy Park,PAREPW1,SA1,Iberdrola Australia Energy Markets Pty Limited,Wind,185.36,201.0,92.22,58.56284,-32.566944,137.856111,Port Augusta Renewable Energy Park
2026-09-28 01:15:00,2026-09-27T15:16:55.965252,Ryan Corner Wind Farm (RYANCWF1),Ryan Corner Wind Farm,RYANCWF1,VIC1,Ryan Corner Development Pty Ltd,Wind,58.05,205.0,28.32,23.58745,-38.271017,142.140647,Ryan Corner Wind Farm
2026-09-28 05:05:00,2026-09-27T19:04:49.605467,Ryan Corner Wind Farm (RYANCWF1),Ryan Corner Wind Farm,RYANCWF1,VIC1,Ryan Corner Development Pty Ltd,Wind,99.19,205.0,48.39,55.80427,-38.271017,142.140647,Ryan Corner Wind Farm
2026-09-28 08:10:00,2026-09-27T22:10:16.469845,Ryan Corner Wind Farm (RYANCWF1),Ryan Corner Wind Farm,RYANCWF1,VIC1,Ryan Corner Development Pty Ltd,Wind,75.19,205.0,36.68,10.5,-38.271017,142.140647,Ryan Corner Wind Farm
2026-09-28 10:45:00,2026-09-28T00:48:09.068651,Ryan Corner Wind Farm (RYANCWF1),Ryan Corner Wind Farm,RYANCWF1,VIC1,Ryan Corner Development Pty Ltd,Wind,41.29,205.0,20.14,-8.0,-38.271017,142.140647,Ryan Corner Wind Farm
2026-09-28 15:55:00,2026-09-28T05:59:08.265666,Ryan Corner Wind Farm (RYANCWF1),Ryan Corner Wind Farm,RYANCWF1,VIC1,Ryan Corner Development Pty Ltd,Wind,90.94,205.0,44.36,77.26144,-38.271017,142.140647,Ryan Corner Wind Farm
2026-09-28 23:40:00,2026-09-28T13:42:17.289472,Ryan Corner Wind Farm (RYANCWF1),Ryan Corner Wind Farm,RYANCWF1,VIC1,Ryan Corner Development Pty Ltd,Wind,185.36,205.0,90.42,66.18985,-38.271017,142.140647,Ryan Corner Wind Farm
2026-09-28 01:15:00,2026-09-27T15:16:55.965252,Rye Park Renewable Energy (RYEPARK1),Rye Park Renewable Energy,RYEPARK1,NSW1,Rye Park Renewable Energy Pty Ltd as trustee for Rye Park Wind Farm Trust,Wind,280.08,384.0,72.94,76.15,-32.138333,148.972778,Rye Park Renewable Energy
2026-09-28 05:05:00,2026-09-27T19:04:49.605467,Rye Park Renewable Energy (RYEPARK1),Rye Park Renewable Energy,RYEPARK1,NSW1,Rye Park Renewable Energy Pty Ltd as trustee for Rye Park Wind Farm Trust,Wind,287.33,384.0,74.83,64.95,-32.138333,148.972778,Rye Park Renewable Energy
2026-09-28 08:10:00,2026-09-27T22:10:16.469845,Rye Park Renewable Energy (RYEPARK1),Rye Park Renewable Energy,RYEPARK1,NSW1,Rye Park Renewable Energy Pty Ltd as trustee for Rye Park Wind Farm Trust,Wind,233.13,384.0,60.71,87.01,-32.138333,148.972778,Rye Park Renewable Energy
2026-09-28 10:45:00,2026-09-28T00:48:09.068651,Rye Park Renewable Energy (RYEPARK1),Rye Park Renewable Energy,RYEPARK1,NSW1,Rye Park Renewable Energy Pty Ltd as trustee for Rye Park Wind Farm Trust,Wind,98.93,384.0,25.76,67.18,-32.138333,148.972778,Rye Park Renewable Energy
2026-09-28 15:55:00,2026-09-28T05:59:08.265666,Rye Park Renewable Energy (RYEPARK1),Rye Park Renewable Energy,RYEPARK1,NSW1,Rye Park Renewable Energy Pty Ltd as trustee for Rye Park Wind Farm Trust,Wind,47.99,384.0,12.5,75.94,-32.138333,148.972778,Rye Park Renewable Energy
2026-09-28 23:40:00,2026-09-28T13:42:17.289472,Rye Park Renewable Energy (RYEPARK1),Rye Park Renewable Energy,RYEPARK1,NSW1,Rye Park Renewable Energy Pty Ltd as trustee for Rye Park Wind Farm Trust,Wind,120.7,384.0,31.43,75.9601,-32.138333,148.972778,Rye Park Renewable Energy
2026-09-28 01:15:00,2026-09-27T15:16:55.965252,Salt Creek Wind Farm (SALTCRK1),Salt Creek Wind Farm,SALTCRK1,VIC1,Salt Creek Wind Farm Pty Ltd,Wind,26.28,54.0,48.67,23.58745,-37.95,142.63,Salt Creek Wind Farm
2026-09-28 05:05:00,2026-09-27T19:04:49.605467,Salt Creek Wind Farm (SALTCRK1),Salt Creek Wind Farm,SALTCRK1,VIC1,Salt Creek Wind Farm Pty Ltd,Wind,21.11,54.0,39.09,55.80427,-37.95,142.63,Salt Creek Wind Farm
2026-09-28 08:10:00,2026-09-27T22:10:16.469845,Salt Creek Wind Farm (SALTCRK1),Salt Creek Wind Farm,SALTCRK1,VIC1,Salt Creek Wind Farm Pty Ltd,Wind,4.77,54.0,8.83,10.5,-37.95,142.63,Salt Creek Wind Farm
2026-09-28 10:45:00,2026-09-28T00:48:09.068651,Salt Creek Wind Farm (SALTCRK1),Salt Creek Wind Farm,SALTCRK1,VIC1,Salt Creek Wind Farm Pty Ltd,Wind,0.4,54.0,0.74,-8.0,-37.95,142.63,Salt Creek Wind Farm
2026-09-28 15:55:00,2026-09-28T05:59:08.265666,Salt Creek Wind Farm (SALTCRK1),Salt Creek Wind Farm,SALTCRK1,VIC1,Salt Creek Wind Farm Pty Ltd,Wind,0.0,54.0,0.0,77.26144,-37.95,142.63,Salt Creek Wind Farm
2026-09-28 23:40:00,2026-09-28T13:42:17.289472,Salt Creek Wind Farm (SALTCRK1),Salt Creek Wind Farm,SALTCRK1,VIC1,Salt Creek Wind Farm Pty Ltd,Wind,29.83,54.0,55.24,66.18985,-37.95,142.63,Salt Creek Wind Farm
2026-09-28 01:15:00,2026-09-27T15:16:55.965252,Sapphire Wind Farm (SAPHWF1),Sapphire Wind Farm,SAPHWF1,NSW1,The Trustee For The SWF1 Operations Trust,Wind,140.67,270.0,52.1,76.15,-29.7,151.41,Sapphire Wind Farm
2026-09-28 05:05:00,2026-09-27T19:04:49.605467,Sapphire Wind Farm (SAPHWF1),Sapphire Wind Farm,SAPHWF1,NSW1,The Trustee For The SWF1 Operations Trust,Wind,230.1,270.0,85.22,64.95,-29.7,151.41,Sapphire Wind Farm
2026-09-28 08:10:00,2026-09-27T22:10:16.469845,Sapphire Wind Farm (SAPHWF1),Sapphire Wind Farm,SAPHWF1,NSW1,The Trustee For The SWF1 Operations Trust,Wind,147.16,270.0,54.5,87.01,-29.7,151.41,Sapphire Wind Farm
2026-09-28 10:45:00,2026-09-28T00:48:09.068651,Sapphire Wind Farm (SAPHWF1),Sapphire Wind Farm,SAPHWF1,NSW1,The Trustee For The SWF1 Operations Trust,Wind,106.01,270.0,39.26,67.18,-29.7,151.41,Sapphire Wind Farm
2026-09-28 15:55:00,2026-09-28T05:59:08.265666,Sapphire Wind Farm (SAPHWF1),Sapphire Wind Farm,SAPHWF1,NSW1,The Trustee For The SWF1 Operations Trust,Wind,224.7,270.0,83.22,75.94,-29.7,151.41,Sapphire Wind Farm
2026-09-28 23:40:00,2026-09-28T13:42:17.289472,Sapphire Wind Farm (SAPHWF1),Sapphire Wind Farm,SAPHWF1,NSW1,The Trustee For The SWF1 Operations Trust,Wind,262.11,270.0,97.08,75.9601,-29.7,151.41,Sapphire Wind Farm
2026-09-28 01:15:00,2026-09-27T15:16:55.965252,Snowtown Wind Farm Stage 2 North (SNOWNTH1),Snowtown Wind Farm Stage 2 North,SNOWNTH1,SA1,Snowtown Wind Farm Stage 2 Pty Ltd,Wind,41.3,144.0,28.68,43.34,-33.83,138.118611,Snowtown Wind Farm Stage 2 North
2026-09-28 05:05:00,2026-09-27T19:04:49.605467,Snowtown Wind Farm Stage 2 North (SNOWNTH1),Snowtown Wind Farm Stage 2 North,SNOWNTH1,SA1,Snowtown Wind Farm Stage 2 Pty Ltd,Wind,44.2,144.0,30.69,48.77983,-33.83,138.118611,Snowtown Wind Farm Stage 2 North
2026-09-28 08:10:00,2026-09-27T22:10:16.469845,Snowtown Wind Farm Stage 2 North (SNOWNTH1),Snowtown Wind Farm Stage 2 North,SNOWNTH1,SA1,Snowtown Wind Farm Stage 2 Pty Ltd,Wind,41.9,144.0,29.1,190.0,-33.83,138.118611,Snowtown Wind Farm Stage 2 North
2026-09-28 10:45:00,2026-09-28T00:48:09.068651,Snowtown Wind Farm Stage 2 North (SNOWNTH1),Snowtown Wind Farm Stage 2 North,SNOWNTH1,SA1,Snowtown Wind Farm Stage 2 Pty Ltd,Wind,27.3,144.0,18.96,-8.85295,-33.83,138.118611,Snowtown Wind Farm Stage 2 North
2026-09-28 15:55:00,2026-09-28T05:59:08.265666,Snowtown Wind Farm Stage 2 North (SNOWNTH1),Snowtown Wind Farm Stage 2 North,SNOWNTH1,SA1,Snowtown Wind Farm Stage 2 Pty Ltd,Wind,0.7,144.0,0.49,74.62433,-33.83,138.118611,Snowtown Wind Farm Stage 2 North
2026-09-28 23:40:00,2026-09-28T13:42:17.289472,Snowtown Wind Farm Stage 2 North (SNOWNTH1),Snowtown Wind Farm Stage 2 North,SNOWNTH1,SA1,Snowtown Wind Farm Stage 2 Pty Ltd,Wind,117.2,144.0,81.39,58.56284,-33.83,138.118611,Snowtown Wind Farm Stage 2 North
2026-09-28 01:15:00,2026-09-27T15:16:55.965252,Snowtown South Wind Farm (SNOWSTH1),Snowtown South Wind Farm,SNOWSTH1,SA1,Snowtown Wind Farm Stage 2 Pty Ltd,Wind,75.8,126.0,60.16,43.34,-33.83,138.118611,Snowtown South Wind Farm
2026-09-28 05:05:00,2026-09-27T19:04:49.605467,Snowtown South Wind Farm (SNOWSTH1),Snowtown South Wind Farm,SNOWSTH1,SA1,Snowtown Wind Farm Stage 2 Pty Ltd,Wind,81.2,126.0,64.44,48.77983,-33.83,138.118611,Snowtown South Wind Farm
2026-09-28 08:10:00,2026-09-27T22:10:16.469845,Snowtown South Wind Farm (SNOWSTH1),Snowtown South Wind Farm,SNOWSTH1,SA1,Snowtown Wind Farm Stage 2 Pty Ltd,Wind,53.6,126.0,42.54,190.0,-33.83,138.118611,Snowtown South Wind Farm
2026-09-28 10:45:00,2026-09-28T00:48:09.068651,Snowtown South Wind Farm (SNOWSTH1),Snowtown South Wind Farm,SNOWSTH1,SA1,Snowtown Wind Farm Stage 2 Pty Ltd,Wind,51.9,126.0,41.19,-8.85295,-33.83,138.118611,Snowtown South Wind Farm
2026-09-28 15:55:00,2026-09-28T05:59:08.265666,Snowtown South Wind Farm (SNOWSTH1),Snowtown South Wind Farm,SNOWSTH1,SA1,Snowtown Wind Farm Stage 2 Pty Ltd,Wind,4.6,126.0,3.65,74.62433,-33.83,138.118611,Snowtown South Wind Farm
2026-09-28 23:40:00,2026-09-28T13:42:17.289472,Snowtown South Wind Farm (SNOWSTH1),Snowtown South Wind Farm,SNOWSTH1,SA1,Snowtown Wind Farm Stage 2 Pty Ltd,Wind,110.8,126.0,87.94,58.56284,-33.83,138.118611,Snowtown South Wind Farm
2026-09-28 01:15:00,2026-09-27T15:16:55.965252,Snowtown Wind Farm Units 1 And 47 (SNOWTWN1),Snowtown Wind Farm Units 1 And 47,SNOWTWN1,SA1,Snowtown Wind Farm Pty Ltd,Wind,78.58,99.0,79.37,43.34,-33.83,138.118611,Snowtown Wind Farm Units 1 And 47
2026-09-28 05:05:00,2026-09-27T19:04:49.605467,Snowtown Wind Farm Units 1 And 47 (SNOWTWN1),Snowtown Wind Farm Units 1 And 47,SNOWTWN1,SA1,Snowtown Wind Farm Pty Ltd,Wind,73.2,99.0,73.94,48.77983,-33.83,138.118611,Snowtown Wind Farm Units 1 And 47
2026-09-28 08:10:00,2026-09-27T22:10:16.469845,Snowtown Wind Farm Units 1 And 47 (SNOWTWN1),Snowtown Wind Farm Units 1 And 47,SNOWTWN1,SA1,Snowtown Wind Farm Pty Ltd,Wind,33.55,99.0,33.89,190.0,-33.83,138.118611,Snowtown Wind Farm Units 1 And 47
2026-09-28 10:45:00,2026-09-28T00:48:09.068651,Snowtown Wind Farm Units 1 And 47 (SNOWTWN1),Snowtown Wind Farm Units 1 And 47,SNOWTWN1,SA1,Snowtown Wind Farm Pty Ltd,Wind,0.0,99.0,0.0,-8.85295,-33.83,138.118611,Snowtown Wind Farm Units 1 And 47
2026-09-28 15:55:00,2026-09-28T05:59:08.265666,Snowtown Wind Farm Units 1 And 47 (SNOWTWN1),Snowtown Wind Farm Units 1 And 47,SNOWTWN1,SA1,Snowtown Wind Farm Pty Ltd,Wind,0.0,99.0,0.0,74.62433,-33.83,138.118611,Snowtown Wind Farm Units 1 And 47
2026-09-28 23:40:00,2026-09-28T13:42:17.289472,Snowtown Wind Farm Units 1 And 47 (SNOWTWN1),Snowtown Wind Farm Units 1 And 47,SNOWTWN1,SA1,Snowtown Wind Farm Pty Ltd,Wind,90.62,99.0,91.54,58.56284,-33.83,138.118611,Snowtown Wind Farm Units 1 And 47
2026-09-28 01:15:00,2026-09-27T15:16:55.965252,Starfish Hill Wind Farm (STARHLWF),Starfish Hill Wind Farm,STARHLWF,SA1,Starfish Hill Wind Farm Pty Ltd,Wind,28.39,35.0,81.11,43.34,-35.58,138.14,Starfish Hill Wind Farm
2026-09-28 05:05:00,2026-09-27T19:04:49.605467,Starfish Hill Wind Farm (STARHLWF),Starfish Hill Wind Farm,STARHLWF,SA1,Starfish Hill Wind Farm Pty Ltd,Wind,26.99,35.0,77.11,48.77983,-35.58,138.14,Starfish Hill Wind Farm
2026-09-28 08:10:00,2026-09-27T22:10:16.469845,Starfish Hill Wind Farm (STARHLWF),Starfish Hill Wind Farm,STARHLWF,SA1,Starfish Hill Wind Farm Pty Ltd,Wind,3.6,35.0,10.29,190.0,-35.58,138.14,Starfish Hill Wind Farm
2026-09-28 10:45:00,2026-09-28T00:48:09.068651,Starfish Hill Wind Farm (STARHLWF),Starfish Hill Wind Farm,STARHLWF,SA1,Starfish Hill Wind Farm Pty Ltd,Wind,0.4,35.0,1.14,-8.85295,-35.58,138.14,Starfish Hill Wind Farm
2026-09-28 15:55:00,2026-09-28T05:59:08.265666,Starfish Hill Wind Farm (STARHLWF),Starfish Hill Wind Farm,STARHLWF,SA1,Starfish Hill Wind Farm Pty Ltd,Wind,1.9,35.0,5.43,74.62433,-35.58,138.14,Starfish Hill Wind Farm
2026-09-28 23:40:00,2026-09-28T13:42:17.289472,Starfish Hill Wind Farm (STARHLWF),Starfish Hill Wind Farm,STARHLWF,SA1,Starfish Hill Wind Farm Pty Ltd,Wind,22.79,35.0,65.11,58.56284,-35.58,138.14,Starfish Hill Wind Farm
2026-09-28 01:15:00,2026-09-27T15:16:55.965252,Stockyard Hill Wind Farm (STOCKYD1),Stockyard Hill Wind Farm,STOCKYD1,VIC1,Stockyard Hill Wind Farm Pty Ltd,Wind,321.6,511.0,62.94,23.58745,-37.535833,143.251389,Stockyard Hill Wind Farm
2026-09-28 05:05:00,2026-09-27T19:04:49.605467,Stockyard Hill Wind Farm (STOCKYD1),Stockyard Hill Wind Farm,STOCKYD1,VIC1,Stockyard Hill Wind Farm Pty Ltd,Wind,148.37,511.0,29.04,55.80427,-37.535833,143.251389,Stockyard Hill Wind Farm
2026-09-28 08:10:00,2026-09-27T22:10:16.469845,Stockyard Hill Wind Farm (STOCKYD1),Stockyard Hill Wind Farm,STOCKYD1,VIC1,Stockyard Hill Wind Farm Pty Ltd,Wind,64.7,511.0,12.66,10.5,-37.535833,143.251389,Stockyard Hill Wind Farm
2026-09-28 10:45:00,2026-09-28T00:48:09.068651,Stockyard Hill Wind Farm (STOCKYD1),Stockyard Hill Wind Farm,STOCKYD1,VIC1,Stockyard Hill Wind Farm Pty Ltd,Wind,18.96,511.0,3.71,-8.0,-37.535833,143.251389,Stockyard Hill Wind Farm
2026-09-28 15:55:00,2026-09-28T05:59:08.265666,Stockyard Hill Wind Farm (STOCKYD1),Stockyard Hill Wind Farm,STOCKYD1,VIC1,Stockyard Hill Wind Farm Pty Ltd,Wind,0.0,511.0,0.0,77.26144,-37.535833,143.251389,Stockyard Hill Wind Farm
2026-09-28 23:40:00,2026-09-28T13:42:17.289472,Stockyard Hill Wind Farm (STOCKYD1),Stockyard Hill Wind Farm,STOCKYD1,VIC1,Stockyard Hill Wind Farm Pty Ltd,Wind,138.77,511.0,27.16,66.18985,-37.535833,143.251389,Stockyard Hill Wind Farm
2026-09-28 01:15:00,2026-09-27T15:16:55.965252,Silverton Wind Farm (STWF1),Silverton Wind Farm,STWF1,NSW1,PARF Company 8 Pty Ltd as The Trustee for Silverton Project Trust,Wind,144.87,198.0,73.17,76.15,-37.683168,142.551678,Silverton Wind Farm
2026-09-28 05:05:00,2026-09-27T19:04:49.605467,Silverton Wind Farm (STWF1),Silverton Wind Farm,STWF1,NSW1,PARF Company 8 Pty Ltd as The Trustee for Silverton Project Trust,Wind,132.98,198.0,67.16,64.95,-37.683168,142.551678,Silverton Wind Farm
2026-09-28 08:10:00,2026-09-27T22:10:16.469845,Silverton Wind Farm (STWF1),Silverton Wind Farm,STWF1,NSW1,PARF Company 8 Pty Ltd as The Trustee for Silverton Project Trust,Wind,104.22,198.0,52.64,87.01,-37.683168,142.551678,Silverton Wind Farm
2026-09-28 10:45:00,2026-09-28T00:48:09.068651,Silverton Wind Farm (STWF1),Silverton Wind Farm,STWF1,NSW1,PARF Company 8 Pty Ltd as The Trustee for Silverton Project Trust,Wind,14.97,198.0,7.56,67.18,-37.683168,142.551678,Silverton Wind Farm
2026-09-28 15:55:00,2026-09-28T05:59:08.265666,Silverton Wind Farm (STWF1),Silverton Wind Farm,STWF1,NSW1,PARF Company 8 Pty Ltd as The Trustee for Silverton Project Trust,Wind,0.0,198.0,0.0,75.94,-37.683168,142.551678,Silverton Wind Farm
2026-09-28 23:40:00,2026-09-28T13:42:17.289472,Silverton Wind Farm (STWF1),Silverton Wind Farm,STWF1,NSW1,PARF Company 8 Pty Ltd as The Trustee for Silverton Project Trust,Wind,136.68,198.0,69.03,75.9601,-37.683168,142.551678,Silverton Wind Farm
2026-09-28 01:15:00,2026-09-27T15:16:55.965252,Taralga Wind Farm (TARALGA1),Taralga Wind Farm,TARALGA1,NSW1,Taralga Wind Farm Nominees No 2 Pty Ltd (ATF Taralga Wind Farm Operating Trust),Wind,35.65,106.0,33.63,76.15,-34.42352,149.826267,Taralga Wind Farm
2026-09-28 05:05:00,2026-09-27T19:04:49.605467,Taralga Wind Farm (TARALGA1),Taralga Wind Farm,TARALGA1,NSW1,Taralga Wind Farm Nominees No 2 Pty Ltd (ATF Taralga Wind Farm Operating Trust),Wind,16.01,106.0,15.1,64.95,-34.42352,149.826267,Taralga Wind Farm
2026-09-28 08:10:00,2026-09-27T22:10:16.469845,Taralga Wind Farm (TARALGA1),Taralga Wind Farm,TARALGA1,NSW1,Taralga Wind Farm Nominees No 2 Pty Ltd (ATF Taralga Wind Farm Operating Trust),Wind,20.51,106.0,19.35,87.01,-34.42352,149.826267,Taralga Wind Farm
2026-09-28 10:45:00,2026-09-28T00:48:09.068651,Taralga Wind Farm (TARALGA1),Taralga Wind Farm,TARALGA1,NSW1,Taralga Wind Farm Nominees No 2 Pty Ltd (ATF Taralga Wind Farm Operating Trust),Wind,11.54,106.0,10.89,67.18,-34.42352,149.826267,Taralga Wind Farm
2026-09-28 15:55:00,2026-09-28T05:59:08.265666,Taralga Wind Farm (TARALGA1),Taralga Wind Farm,TARALGA1,NSW1,Taralga Wind Farm Nominees No 2 Pty Ltd (ATF Taralga Wind Farm Operating Trust),Wind,10.23,106.0,9.65,75.94,-34.42352,149.826267,Taralga Wind Farm
2026-09-28 23:40:00,2026-09-28T13:42:17.289472,Taralga Wind Farm (TARALGA1),Taralga Wind Farm,TARALGA1,NSW1,Taralga Wind Farm Nominees No 2 Pty Ltd (ATF Taralga Wind Farm Operating Trust),Wind,5.4,106.0,5.09,75.9601,-34.42352,149.826267,Taralga Wind Farm
2026-09-28 01:15:00,2026-09-27T15:16:55.965252,Wambo Wind Farm 1 (WAMBOWF1),Wambo Wind Farm 1,WAMBOWF1,QLD1,Stanwell Corporation Limited,Wind,0.0,245.0,0.0,71.52468,-35.187301,149.524945,Wambo Wind Farm 1
2026-09-28 05:05:00,2026-09-27T19:04:49.605467,Wambo Wind Farm 1 (WAMBOWF1),Wambo Wind Farm 1,WAMBOWF1,QLD1,Stanwell Corporation Limited,Wind,0.0,245.0,0.0,61.44757,-35.187301,149.524945,Wambo Wind Farm 1
2026-09-28 08:10:00,2026-09-27T22:10:16.469845,Wambo Wind Farm 1 (WAMBOWF1),Wambo Wind Farm 1,WAMBOWF1,QLD1,Stanwell Corporation Limited,Wind,0.0,245.0,0.0,82.4377,-35.187301,149.524945,Wambo Wind Farm 1
2026-09-28 10:45:00,2026-09-28T00:48:09.068651,Wambo Wind Farm 1 (WAMBOWF1),Wambo Wind Farm 1,WAMBOWF1,QLD1,Stanwell Corporation Limited,Wind,0.0,245.0,0.0,62.82862,-35.187301,149.524945,Wambo Wind Farm 1
2026-09-28 15:55:00,2026-09-28T05:59:08.265666,Wambo Wind Farm 1 (WAMBOWF1),Wambo Wind Farm 1,WAMBOWF1,QLD1,Stanwell Corporation Limited,Wind,0.0,245.0,0.0,71.67674,-35.187301,149.524945,Wambo Wind Farm 1
2026-09-28 23:40:00,2026-09-28T13:42:17.289472,Wambo Wind Farm 1 (WAMBOWF1),Wambo Wind Farm 1,WAMBOWF1,QLD1,Stanwell Corporation Limited,Wind,0.0,245.0,0.0,69.15201,-35.187301,149.524945,Wambo Wind Farm 1
2026-09-28 01:15:00,2026-09-27T15:16:55.965252,Waterloo Wind Farm (WATERLWF),Waterloo Wind Farm,WATERLWF,SA1,Waterloo Wind Farm Pty Ltd,Wind,108.4,130.0,83.38,43.34,-34.00094,138.911567,Waterloo Wind Farm
2026-09-28 05:05:00,2026-09-27T19:04:49.605467,Waterloo Wind Farm (WATERLWF),Waterloo Wind Farm,WATERLWF,SA1,Waterloo Wind Farm Pty Ltd,Wind,110.1,130.0,84.69,48.77983,-34.00094,138.911567,Waterloo Wind Farm
2026-09-28 08:10:00,2026-09-27T22:10:16.469845,Waterloo Wind Farm (WATERLWF),Waterloo Wind Farm,WATERLWF,SA1,Waterloo Wind Farm Pty Ltd,Wind,55.9,130.0,43.0,190.0,-34.00094,138.911567,Waterloo Wind Farm
2026-09-28 10:45:00,2026-09-28T00:48:09.068651,Waterloo Wind Farm (WATERLWF),Waterloo Wind Farm,WATERLWF,SA1,Waterloo Wind Farm Pty Ltd,Wind,50.2,130.0,38.62,-8.85295,-34.00094,138.911567,Waterloo Wind Farm
2026-09-28 15:55:00,2026-09-28T05:59:08.265666,Waterloo Wind Farm (WATERLWF),Waterloo Wind Farm,WATERLWF,SA1,Waterloo Wind Farm Pty Ltd,Wind,26.0,130.0,20.0,74.62433,-34.00094,138.911567,Waterloo Wind Farm
2026-09-28 23:40:00,2026-09-28T13:42:17.289472,Waterloo Wind Farm (WATERLWF),Waterloo Wind Farm,WATERLWF,SA1,Waterloo Wind Farm Pty Ltd,Wind,104.9,130.0,80.69,58.56284,-34.00094,138.911567,Waterloo Wind Farm
2026-09-28 01:15:00,2026-09-27T15:16:55.965252,Waubra Wind Farm (WAUBRAWF),Waubra Wind Farm,WAUBRAWF,VIC1,Pyrenees Wind Energy Developments Pty Ltd,Wind,144.66,192.0,75.34,23.58745,-37.394498,143.638982,Waubra Wind Farm
2026-09-28 05:05:00,2026-09-27T19:04:49.605467,Waubra Wind Farm (WAUBRAWF),Waubra Wind Farm,WAUBRAWF,VIC1,Pyrenees Wind Energy Developments Pty Ltd,Wind,25.42,192.0,13.24,55.80427,-37.394498,143.638982,Waubra Wind Farm
2026-09-28 08:10:00,2026-09-27T22:10:16.469845,Waubra Wind Farm (WAUBRAWF),Waubra Wind Farm,WAUBRAWF,VIC1,Pyrenees Wind Energy Developments Pty Ltd,Wind,7.99,192.0,4.16,10.5,-37.394498,143.638982,Waubra Wind Farm
2026-09-28 10:45:00,2026-09-28T00:48:09.068651,Waubra Wind Farm (WAUBRAWF),Waubra Wind Farm,WAUBRAWF,VIC1,Pyrenees Wind Energy Developments Pty Ltd,Wind,12.19,192.0,6.35,-8.0,-37.394498,143.638982,Waubra Wind Farm
2026-09-28 15:55:00,2026-09-28T05:59:08.265666,Waubra Wind Farm (WAUBRAWF),Waubra Wind Farm,WAUBRAWF,VIC1,Pyrenees Wind Energy Developments Pty Ltd,Wind,0.0,192.0,0.0,77.26144,-37.394498,143.638982,Waubra Wind Farm
2026-09-28 23:40:00,2026-09-28T13:42:17.289472,Waubra Wind Farm (WAUBRAWF),Waubra Wind Farm,WAUBRAWF,VIC1,Pyrenees Wind Energy Developments Pty Ltd,Wind,121.21,192.0,63.13,66.18985,-37.394498,143.638982,Waubra Wind Farm
2026-09-28 01:15:00,2026-09-27T15:16:55.965252,Willogoleche Wind Farm (WGWF1),Willogoleche Wind Farm,WGWF1,SA1,Willogoleche Power Pty Ltd As The Trustee For The Willogoleche Operating Trust,Wind,73.9,119.0,62.1,43.34,-33.39,138.85,Willogoleche Wind Farm
2026-09-28 05:05:00,2026-09-27T19:04:49.605467,Willogoleche Wind Farm (WGWF1),Willogoleche Wind Farm,WGWF1,SA1,Willogoleche Power Pty Ltd As The Trustee For The Willogoleche Operating Trust,Wind,98.2,119.0,82.52,48.77983,-33.39,138.85,Willogoleche Wind Farm
2026-09-28 08:10:00,2026-09-27T22:10:16.469845,Willogoleche Wind Farm (WGWF1),Willogoleche Wind Farm,WGWF1,SA1,Willogoleche Power Pty Ltd As The Trustee For The Willogoleche Operating Trust,Wind,55.4,119.0,46.55,190.0,-33.39,138.85,Willogoleche Wind Farm
2026-09-28 10:45:00,2026-09-28T00:48:09.068651,Willogoleche Wind Farm (WGWF1),Willogoleche Wind Farm,WGWF1,SA1,Willogoleche Power Pty Ltd As The Trustee For The Willogoleche Operating Trust,Wind,32.3,119.0,27.14,-8.85295,-33.39,138.85,Willogoleche Wind Farm
2026-09-28 15:55:00,2026-09-28T05:59:08.265666,Willogoleche Wind Farm (WGWF1),Willogoleche Wind Farm,WGWF1,SA1,Willogoleche Power Pty Ltd As The Trustee For The Willogoleche Operating Trust,Wind,12.2,119.0,10.25,74.62433,-33.39,138.85,Willogoleche Wind Farm
2026-09-28 23:40:00,2026-09-28T13:42:17.289472,Willogoleche Wind Farm (WGWF1),Willogoleche Wind Farm,WGWF1,SA1,Willogoleche Power Pty Ltd As The Trustee For The Willogoleche Operating Trust,Wind,96.2,119.0,80.84,58.56284,-33.39,138.85,Willogoleche Wind Farm
2026-09-28 01:15:00,2026-09-27T15:16:55.965252,Woodlawn Wind Farm (WOODLWN1),Woodlawn Wind Farm,WOODLWN1,NSW1,Woodlawn Wind Pty Ltd,Wind,17.4,48.0,36.25,76.15,-35.08,149.62,Woodlawn Wind Farm
2026-09-28 05:05:00,2026-09-27T19:04:49.605467,Woodlawn Wind Farm (WOODLWN1),Woodlawn Wind Farm,WOODLWN1,NSW1,Woodlawn Wind Pty Ltd,Wind,15.94,48.0,33.21,64.95,-35.08,149.62,Woodlawn Wind Farm
2026-09-28 08:10:00,2026-09-27T22:10:16.469845,Woodlawn Wind Farm (WOODLWN1),Woodlawn Wind Farm,WOODLWN1,NSW1,Woodlawn Wind Pty Ltd,Wind,14.54,48.0,30.29,87.01,-35.08,149.62,Woodlawn Wind Farm
2026-09-28 10:45:00,2026-09-28T00:48:09.068651,Woodlawn Wind Farm (WOODLWN1),Woodlawn Wind Farm,WOODLWN1,NSW1,Woodlawn Wind Pty Ltd,Wind,4.65,48.0,9.69,67.18,-35.08,149.62,Woodlawn Wind Farm
2026-09-28 15:55:00,2026-09-28T05:59:08.265666,Woodlawn Wind Farm (WOODLWN1),Woodlawn Wind Farm,WOODLWN1,NSW1,Woodlawn Wind Pty Ltd,Wind,1.12,48.0,2.33,75.94,-35.08,149.62,Woodlawn Wind Farm
2026-09-28 23:40:00,2026-09-28T13:42:17.289472,Woodlawn Wind Farm (WOODLWN1),Woodlawn Wind Farm,WOODLWN1,NSW1,Woodlawn Wind Pty Ltd,Wind,1.2,48.0,2.5,75.9601,-35.08,149.62,Woodlawn Wind Farm
2026-09-28 01:15:00,2026-09-27T15:16:55.965252,Woolnorth Studland Bay / Bluff Point Wind Farm (WOOLNTH1),Woolnorth Studland Bay / Bluff Point Wind Farm,WOOLNTH1,TAS1,Hydro-Electric Corporation,Wind,25.25,140.0,18.04,43.15345,-40.69,144.72,Woolnorth Studland Bay / Bluff Point Wind Farm
2026-09-28 05:05:00,2026-09-27T19:04:49.605467,Woolnorth Studland Bay / Bluff Point Wind Farm (WOOLNTH1),Woolnorth Studland Bay / Bluff Point Wind Farm,WOOLNTH1,TAS1,Hydro-Electric Corporation,Wind,45.16,140.0,32.26,58.24511,-40.69,144.72,Woolnorth Studland Bay / Bluff Point Wind Farm
2026-09-28 08:10:00,2026-09-27T22:10:16.469845,Woolnorth Studland Bay / Bluff Point Wind Farm (WOOLNTH1),Woolnorth Studland Bay / Bluff Point Wind Farm,WOOLNTH1,TAS1,Hydro-Electric Corporation,Wind,4.12,140.0,2.94,11.09194,-40.69,144.72,Woolnorth Studland Bay / Bluff Point Wind Farm
2026-09-28 10:45:00,2026-09-28T00:48:09.068651,Woolnorth Studland Bay / Bluff Point Wind Farm (WOOLNTH1),Woolnorth Studland Bay / Bluff Point Wind Farm,WOOLNTH1,TAS1,Hydro-Electric Corporation,Wind,-0.53,140.0,-0.38,-8.49821,-40.69,144.72,Woolnorth Studland Bay / Bluff Point Wind Farm
2026-09-28 15:55:00,2026-09-28T05:59:08.265666,Woolnorth Studland Bay / Bluff Point Wind Farm (WOOLNTH1),Woolnorth Studland Bay / Bluff Point Wind Farm,WOOLNTH1,TAS1,Hydro-Electric Corporation,Wind,15.76,140.0,11.26,81.17533,-40.69,144.72,Woolnorth Studland Bay / Bluff Point Wind Farm
2026-09-28 23:40:00,2026-09-28T13:42:17.289472,Woolnorth Studland Bay / Bluff Point Wind Farm (WOOLNTH1),Woolnorth Studland Bay / Bluff Point Wind Farm,WOOLNTH1,TAS1,Hydro-Electric Corporation,Wind,39.52,140.0,28.23,56.99499,-40.69,144.72,Woolnorth Studland Bay / Bluff Point Wind Farm
2026-09-28 01:15:00,2026-09-27T15:16:55.965252,Wattle Point Wind Farm (WPWF),Wattle Point Wind Farm,WPWF,SA1,AGL SA Generation Pty Limited,Wind,60.33,91.0,66.3,43.34,-35.111624,137.7219,Wattle Point Wind Farm
2026-09-28 05:05:00,2026-09-27T19:04:49.605467,Wattle Point Wind Farm (WPWF),Wattle Point Wind Farm,WPWF,SA1,AGL SA Generation Pty Limited,Wind,46.72,91.0,51.34,48.77983,-35.111624,137.7219,Wattle Point Wind Farm
2026-09-28 08:10:00,2026-09-27T22:10:16.469845,Wattle Point Wind Farm (WPWF),Wattle Point Wind Farm,WPWF,SA1,AGL SA Generation Pty Limited,Wind,11.49,91.0,12.63,190.0,-35.111624,137.7219,Wattle Point Wind Farm
2026-09-28 10:45:00,2026-09-28T00:48:09.068651,Wattle Point Wind Farm (WPWF),Wattle Point Wind Farm,WPWF,SA1,AGL SA Generation Pty Limited,Wind,0.0,91.0,0.0,-8.85295,-35.111624,137.7219,Wattle Point Wind Farm
2026-09-28 15:55:00,2026-09-28T05:59:08.265666,Wattle Point Wind Farm (WPWF),Wattle Point Wind Farm,WPWF,SA1,AGL SA Generation Pty Limited,Wind,9.77,91.0,10.74,74.62433,-35.111624,137.7219,Wattle Point Wind Farm
2026-09-28 23:40:00,2026-09-28T13:42:17.289472,Wattle Point Wind Farm (WPWF),Wattle Point Wind Farm,WPWF,SA1,AGL SA Generation Pty Limited,Wind,74.03,91.0,81.35,58.56284,-35.111624,137.7219,Wattle Point Wind Farm
2026-09-28 01:15:00,2026-09-27T15:16:55.965252,White Rock Wind Farm (WRWF1),White Rock Wind Farm,WRWF1,NSW1,White Rock Wind Farm Pty Ltd,Wind,83.22,172.0,48.38,76.15,-29.79,151.54,White Rock Wind Farm
2026-09-28 05:05:00,2026-09-27T19:04:49.605467,White Rock Wind Farm (WRWF1),White Rock Wind Farm,WRWF1,NSW1,White Rock Wind Farm Pty Ltd,Wind,108.0,172.0,62.79,64.95,-29.79,151.54,White Rock Wind Farm
2026-09-28 08:10:00,2026-09-27T22:10:16.469845,White Rock Wind Farm (WRWF1),White Rock Wind Farm,WRWF1,NSW1,White Rock Wind Farm Pty Ltd,Wind,74.93,172.0,43.56,87.01,-29.79,151.54,White Rock Wind Farm
2026-09-28 10:45:00,2026-09-28T00:48:09.068651,White Rock Wind Farm (WRWF1),White Rock Wind Farm,WRWF1,NSW1,White Rock Wind Farm Pty Ltd,Wind,72.85,172.0,42.35,67.18,-29.79,151.54,White Rock Wind Farm
2026-09-28 15:55:00,2026-09-28T05:59:08.265666,White Rock Wind Farm (WRWF1),White Rock Wind Farm,WRWF1,NSW1,White Rock Wind Farm Pty Ltd,Wind,122.26,172.0,71.08,75.94,-29.79,151.54,White Rock Wind Farm
2026-09-28 23:40:00,2026-09-28T13:42:17.289472,White Rock Wind Farm (WRWF1),White Rock Wind Farm,WRWF1,NSW1,White Rock Wind Farm Pty Ltd,Wind,159.71,172.0,92.85,75.9601,-29.79,151.54,White Rock Wind Farm
2026-09-28 01:15:00,2026-09-27T15:16:55.965252,Yambuk Wind Farm (YAMBUKWF),Yambuk Wind Farm,YAMBUKWF,VIC1,Energy Pacific (Vic) Pty Ltd,Wind,3.2,30.0,10.67,23.58745,-38.299083,142.027577,Yambuk Wind Farm
2026-09-28 05:05:00,2026-09-27T19:04:49.605467,Yambuk Wind Farm (YAMBUKWF),Yambuk Wind Farm,YAMBUKWF,VIC1,Energy Pacific (Vic) Pty Ltd,Wind,4.6,30.0,15.33,55.80427,-38.299083,142.027577,Yambuk Wind Farm
2026-09-28 08:10:00,2026-09-27T22:10:16.469845,Yambuk Wind Farm (YAMBUKWF),Yambuk Wind Farm,YAMBUKWF,VIC1,Energy Pacific (Vic) Pty Ltd,Wind,4.3,30.0,14.33,10.5,-38.299083,142.027577,Yambuk Wind Farm
2026-09-28 10:45:00,2026-09-28T00:48:09.068651,Yambuk Wind Farm (YAMBUKWF),Yambuk Wind Farm,YAMBUKWF,VIC1,Energy Pacific (Vic) Pty Ltd,Wind,5.5,30.0,18.33,-8.0,-38.299083,142.027577,Yambuk Wind Farm
2026-09-28 15:55:00,2026-09-28T05:59:08.265666,Yambuk Wind Farm (YAMBUKWF),Yambuk Wind Farm,YAMBUKWF,VIC1,Energy Pacific (Vic) Pty Ltd,Wind,8.4,30.0,28.0,77.26144,-38.299083,142.027577,Yambuk Wind Farm
2026-09-28 23:40:00,2026-09-28T13:42:17.289472,Yambuk Wind Farm (YAMBUKWF),Yambuk Wind Farm,YAMBUKWF,VIC1,Energy Pacific (Vic) Pty Ltd,Wind,28.7,30.0,95.67,66.18985,-38.299083,142.027577,Yambuk Wind Farm
2026-09-28 01:15:00,2026-09-27T15:16:55.965252,Yendon Wind Farm (YENDWF1),Yendon Wind Farm,YENDWF1,VIC1,Lal Lal Wind Farms Nom Co Pty Ltd,Wind,40.36,142.0,28.42,23.58745,-37.629987,144.022717,Yendon Wind Farm
2026-09-28 05:05:00,2026-09-27T19:04:49.605467,Yendon Wind Farm (YENDWF1),Yendon Wind Farm,YENDWF1,VIC1,Lal Lal Wind Farms Nom Co Pty Ltd,Wind,20.8,142.0,14.65,55.80427,-37.629987,144.022717,Yendon Wind Farm
2026-09-28 08:10:00,2026-09-27T22:10:16.469845,Yendon Wind Farm (YENDWF1),Yendon Wind Farm,YENDWF1,VIC1,Lal Lal Wind Farms Nom Co Pty Ltd,Wind,10.98,142.0,7.73,10.5,-37.629987,144.022717,Yendon Wind Farm
2026-09-28 10:45:00,2026-09-28T00:48:09.068651,Yendon Wind Farm (YENDWF1),Yendon Wind Farm,YENDWF1,VIC1,Lal Lal Wind Farms Nom Co Pty Ltd,Wind,0.0,142.0,0.0,-8.0,-37.629987,144.022717,Yendon Wind Farm
2026-09-28 15:55:00,2026-09-28T05:59:08.265666,Yendon Wind Farm (YENDWF1),Yendon Wind Farm,YENDWF1,VIC1,Lal Lal Wind Farms Nom Co Pty Ltd,Wind,3.25,142.0,2.29,77.26144,-37.629987,144.022717,Yendon Wind Farm
2026-09-28 23:40:00,2026-09-28T13:42:17.289472,Yendon Wind Farm (YENDWF1),Yendon Wind Farm,YENDWF1,VIC1,Lal Lal Wind Farms Nom Co Pty Ltd,Wind,29.54,142.0,20.8,66.18985,-37.629987,144.022717,Yendon Wind Farm
2026-09-28 01:15:00,2026-09-27T15:16:55.965252,Yaloak South Wind Farm (YSWF1),Yaloak South Wind Farm,YSWF1,VIC1,Pacific Hydro Yaloak South Pty Ltd,Wind,6.7,28.0,23.93,23.58745,-37.7163,144.242853,Yaloak South Wind Farm
2026-09-28 05:05:00,2026-09-27T19:04:49.605467,Yaloak South Wind Farm (YSWF1),Yaloak South Wind Farm,YSWF1,VIC1,Pacific Hydro Yaloak South Pty Ltd,Wind,3.1,28.0,11.07,55.80427,-37.7163,144.242853,Yaloak South Wind Farm
2026-09-28 08:10:00,2026-09-27T22:10:16.469845,Yaloak South Wind Farm (YSWF1),Yaloak South Wind Farm,YSWF1,VIC1,Pacific Hydro Yaloak South Pty Ltd,Wind,0.5,28.0,1.79,10.5,-37.7163,144.242853,Yaloak South Wind Farm
2026-09-28 10:45:00,2026-09-28T00:48:09.068651,Yaloak South Wind Farm (YSWF1),Yaloak South Wind Farm,YSWF1,VIC1,Pacific Hydro Yaloak South Pty Ltd,Wind,0.0,28.0,0.0,-8.0,-37.7163,144.242853,Yaloak South Wind Farm
2026-09-28 15:55:00,2026-09-28T05:59:08.265666,Yaloak South Wind Farm (YSWF1),Yaloak South Wind Farm,YSWF1,VIC1,Pacific Hydro Yaloak South Pty Ltd,Wind,1.8,28.0,6.43,77.26144,-37.7163,144.242853,Yaloak South Wind Farm
2026-09-28 23:40:00,2026-09-28T13:42:17.289472,Yaloak South Wind Farm (YSWF1),Yaloak South Wind Farm,YSWF1,VIC1,Pacific Hydro Yaloak South Pty Ltd,Wind,1.6,28.0,5.71,66.18985,-37.7163,144.242853,Yaloak South Wind Farm
